ticker,alpha,beta,sharpe,ann_vol,ret_1m,ret_3m,ret_6m,ret_1y,momentum,ma50_score,ma200_score,composite_score,vol_trend
SNDK,2.9486091529426064,3.1517485504473353,4.110944527516531,0.9433697774513773,0.221974534956068,1.2504887406211602,5.3824668798103374,,1.1897273655289404,0.35542835848671034,2.0240263725711705,0.924438685805208,-0.03907815255201008
LITE,2.4530703652843395,2.5178416242482275,4.005851198020992,0.7977447063589682,0.275766627814791,1.6045679375968112,4.710352976306731,,0.949454415082221,0.2707233294245633,1.6281855007398787,0.8779774268663084,0.10552323110565065
CIEN,1.6510486950446934,2.3587562694292745,3.7757441528951463,0.6215216025220959,0.31711047036643913,1.0814225630672945,2.007705367094104,,0.8548449677880494,0.3582398598075006,1.351450075768598,0.7542222986009551,-0.1622337623037413
RLAY,1.5112520413448574,1.7239890037762278,2.890796790720975,0.6986657534991053,0.6878146740988591,1.1965923954786106,1.5355521770573515,,0.9658625891890922,0.5628205551818376,1.3689046231963469,0.7505027143062787,0.2085037242460659
WDC,1.861320383843604,2.227394848470058,4.061704369388541,0.6199949962839205,0.22177762043558724,0.6780651421516442,2.0969607352694983,,0.7069414016570428,0.2738278111044968,1.1400549922095888,0.7493439791345707,-0.10552871669960184
STX,1.5993291569652532,1.9697883631829967,3.5401384125406694,0.6158715082648606,0.3489331141211214,0.7129916793027045,1.507726604882146,,0.6207118136897889,0.2990243441798925,0.9423992831996854,0.7109598579061278,0.07325948025316653
COHR,1.2869700219131115,2.761217853880746,3.0796182042132205,0.6823326827167835,0.34139419336643373,0.7606653255398981,2.124897903903216,,0.7051636290882171,0.33972632469184033,1.0706009334845938,0.6815518976608811,0.0854380801367729
MU,1.3619945160109217,2.4079716032442846,3.521283909721684,0.5884692339096174,-0.014010009246466226,0.3524082038370917,1.3728514347637235,,0.4417163589185995,0.12003099921349161,0.7634017186237074,0.6615246814305855,0.19666731675566496
SATS,1.9707331036924718,1.190269732017258,2.1139555969031227,1.0983079540185792,0.23628776532591278,0.07818699654796846,0.7796928447490024,,0.379414629405247,0.15462097538181005,0.6042082834286839,0.6509841634114257,0.4608730693240486
TER,1.1221777602954461,2.422881898864581,3.1533349836016615,0.5824778934217875,0.2676375365693271,0.6712299489619082,1.7003234397813691,,0.5748561378154097,0.20205056999316323,0.9476617056376562,0.6428061017626584,-0.05911429891816289
PARR,1.5681449704153012,0.04821022213508382,2.8297596436303354,0.5591865047086043,0.023384529856951497,0.48369572299768815,0.6144749237087359,,0.2543829059991796,0.08961326928781273,0.41915254271054647,0.6300286955644728,0.12810849925627532
GLW,0.9651189748287083,1.7618668390297336,3.211609623177241,0.462303633707975,0.2658247659803974,0.7615446142057793,0.9077419524501043,,0.4506842092064163,0.15983798795372503,0.7415304304591075,0.6234090470350497,-0.03730236434197065
FIX,1.0788146601002708,2.184426517443667,3.2870688342825547,0.5241929156650056,0.1598524038672695,0.5135351335401064,0.9738698185944625,,0.41756892751315977,0.1665979773091968,0.6685398777171228,0.6185999049725766,-0.05968886450298083
VRT,0.9073127910967524,2.5080569105562143,2.8644782375701774,0.5749749564458895,0.16104418517971597,0.7816921703793682,0.7036611677423963,,0.4408150935494828,0.19623904807607703,0.6853911390228885,0.6162963943296534,0.14171472675428243
CLMT,1.1651530300256148,0.4989128260483244,2.9793224564305225,0.4404676792856613,0.10649255957139148,0.5666342374098066,0.7105682004768277,,0.2947456155390133,0.07431838099454113,0.5151728500834855,0.6091563108983784,0.06874838560758856
APLS,0.5361790008050811,3.1975031910726934,0.9922235775857775,1.4907979663792688,1.286193567426536,0.992206534726704,0.6217288913335355,,0.6570645267861484,0.6026081277686961,0.7115209258036007,0.5975445155441474,0.9063086199656953
INTC,0.8611710855146242,2.0191336548949734,2.2857729224522108,0.6372748110316516,0.5212081247378082,0.41763245928450043,0.8438761019237757,,0.6177867528091912,0.3982331186078364,0.8373403870105458,0.595899879581439,0.16121963052808352
ARWR,1.420957783974903,1.7373292810950511,2.951303048767495,0.6550804235999318,0.22570980882386316,0.049207579414799474,0.8201100978206695,,0.3192340238321429,0.12239448111307985,0.516073566551206,0.5888641141301557,-0.2281790625566842
FIGS,1.2376950395764008,1.1312791095579178,2.746180115324275,0.5721905575573009,0.12291670171199076,0.311435537416751,1.1082138090547606,,0.4026374953234553,0.16690241221627206,0.6383725784306385,0.5868066740798477,-0.2539654100257803
LRCX,0.8311389020597688,2.4407639160783825,3.1871661728232006,0.4866338442184981,0.19086822174440154,0.23198885231174726,0.853582741866902,,0.38388113882245145,0.1555189542291075,0.6122433234157955,0.5816048265759772,-0.00905580624757163
MRVL,0.5144672015365099,2.2228568830920854,2.0322728697503813,0.5757321557869106,0.5950687455281627,0.7387401075905173,0.5734108071746249,,0.5740737196248864,0.48601063287839885,0.6621368063713738,0.5733026809189955,0.2418656001313988
GEV,0.722925508606573,1.744534004226269,2.6535357126742944,0.466333815726089,0.16806648365195942,0.562300725080418,0.6308365937876741,,0.31510475186870246,0.15702576630906057,0.47318373742834435,0.5596984089444432,-0.00038405139305919267
ALB,1.0232583188082585,1.5702970678645096,2.4381780529119643,0.609627049490744,0.19248626796413437,0.14075204155517773,1.0256541030387423,,0.3729993892812309,0.1416526835382083,0.6043460950242535,0.5596317949437059,-0.04700915849471676
OPEN,2.1081173814967906,2.7174046271140777,1.75697745100464,1.6559972707915682,0.0018938923574474131,-0.16031749179423893,-0.2831978482626666,,0.015259449382876433,0.0853730969910843,-0.05485419822533143,0.5492318463476279,-0.24513027265006493
FIVE,0.7244125408499253,1.9594704461012131,2.9691762871616927,0.43861011355850654,0.11196871628678018,0.19299132759251192,0.5484335540147407,,0.21501015444844565,0.07288787907209847,0.3571324298247928,0.5481777572391298,0.07709370198596321
CAT,0.6098063194851038,1.4826287507205427,3.296510869944418,0.3176302745713341,0.14565616621217203,0.23073841397093675,0.4957358553253626,,0.24085749243664833,0.08320352977056852,0.3985114551027281,0.5445152677284326,-0.11848052716645086
APA,0.9287751109303927,0.0757243920890449,2.0673668924013606,0.46005775962549394,-0.023763969335711566,0.38715352076360254,0.569871128177621,,0.21197324582615512,0.034700431581483664,0.38924606007082657,0.5444703542330281,0.18793101197035078
MPWR,0.4688438100335713,2.264218357278891,2.460671837332206,0.4619145038924352,0.3682686095186096,0.4573822490655661,0.46217908720921863,,0.38831349324195447,0.2653324275929454,0.5112945588909635,0.53467162885854,-0.025289633252002508
WBD,1.059935411918341,0.8726614079124568,2.700993196506456,0.4877115931860652,0.004387529440989635,-0.035802052157181796,0.48888879010419783,,0.12019387696721293,-0.010118651246443337,0.2505064051808692,0.534599346413005,-0.045302875958176836
KEYS,0.4635577866929982,1.6810093755696485,2.524001723096904,0.3800832056945312,0.17675630748898707,0.5586946216218664,1.0282698602622928,,0.397715857793388,0.18218957557772678,0.6132421400090492,0.5324750827835036,-0.1848335940678303
AMD,0.6748743842512942,2.1541531328462256,2.255103144418766,0.5809887340439613,0.3957184662477131,0.2214374205201648,0.16676449089300927,,0.3437075386865168,0.31232600263498,0.3750890747380537,0.5284866870143604,0.0028576020350612463
SQM,0.6959661552932733,1.1513382913484436,2.0822428614299673,0.49731250596162363,0.18352664929351636,0.11585826851671732,0.9337980529757823,,0.32685003219372155,0.15130303223237268,0.5023970321550704,0.5270263616194821,0.16973516809733424
DELL,0.47185685377139064,1.6929275425778891,1.93117950127828,0.5028764578154172,0.31727092157211856,0.6497566336673108,0.2889608141373321,,0.3662699920389592,0.2968992105912619,0.43564077348665653,0.5240050547100141,0.03226639202002923
PTGX,0.8642838702883524,0.1709319555981032,1.8398010981124888,0.4971711883232973,0.09156460350564011,0.2505015145360905,0.36431517688694104,,0.24530364551528724,0.11988050330638912,0.3707267877241854,0.523925019970295,0.11808042780412897
AMAT,0.542975548407937,2.049118278823732,2.5606304610577775,0.4480588761185819,0.1358342663315586,0.24556563511213447,0.7497763329336318,,0.3209613494703141,0.10792508933265868,0.5339976096079695,0.52347027890252,-0.07647900239447003
KLAC,0.5029883104682795,2.1276911522941617,2.5350307007780524,0.44595086305989096,0.20850532873860894,0.1610447814094551,0.6529538086762656,,0.32862823125340934,0.18140009852468697,0.47585636398213166,0.5184213303663991,-0.04423799975582554
PWR,0.49406365556607784,1.302593038147381,2.660480721414044,0.3301026847721454,0.05244451673337558,0.34482669976591773,0.378150273999758,,0.202129550087312,0.08070007129723626,0.32355902887738774,0.51561706885827,-0.04827872578814918
EDIT,0.5987935210428882,2.5980820478687594,1.4323016530467585,0.9530357688578097,0.48510644730533214,0.6698565324697028,-0.14039407420596417,,0.4080130389680937,0.4899248673986736,0.3261012105375139,0.514926779852454,-0.05532882558436891
VLO,0.6828137733189841,0.2804121928714654,2.2269073381572966,0.34375679875662557,-0.062106904304307986,0.21908013264129922,0.40661412934001784,,0.12964297346315248,-0.003185028027404933,0.2624709749537099,0.5140742861899906,0.19054686505549245
KYMR,0.9933797115197325,1.3806352495448464,1.7949666772400483,0.78027328141911,0.1082891048890402,0.23326765603489763,0.3946573371872155,,0.19610293253172204,0.046512596002413364,0.3456932690610307,0.5111472648989324,-0.11318745265099528
BK,0.3380911490511065,0.8582743275231481,3.0002075422405947,0.19705913807598738,0.17826619386513176,0.0946071037526135,0.2518839240367432,,0.1697933134146713,0.1220874795347898,0.21749914729455277,0.5097545876802374,0.08566618887643873
GOOG,0.47883121641493237,1.1512525268653675,2.9319576463132058,0.2791190327862693,0.10806401378601516,0.01944734869380227,0.35020729397501604,,0.17544933465408524,0.10562296333090775,0.24527570597726275,0.5080343732215329,-0.031568760141195695
GOOGL,0.4936201153311192,1.1807679085070806,2.949584096761381,0.28541614631789525,0.11046829589741947,0.027467168535828312,0.36296126228553227,,0.18262051044034433,0.11014154448712941,0.25509947639355923,0.506732714172948,-0.10135429558470432
JBL,0.42779721342396637,1.75687111871202,2.42336664060967,0.39034277985045407,0.24363082592593588,0.2709974383846818,0.556064838679774,,0.2970855664971189,0.2023810455752492,0.39179008741898863,0.5066590639364228,-0.08825998955563674
CASY,0.43297479319332777,0.23688689788471265,2.002275391256522,0.2511337008608811,0.1272552704720109,0.1852210687061826,0.34047482430386267,,0.1912605155660689,0.08936382878137729,0.29315720235076054,0.5038384639457039,0.38668381300260335
FDX,0.3592009996010976,1.0309742671164142,2.457891579361516,0.2698499072585833,0.12191918522060563,0.258049555233405,0.6793476546584165,,0.22834737427496776,0.06894233027999366,0.3877524182699419,0.502295939232796,0.04703018974052098
ON,0.37664140719416744,1.9962352319490844,1.8556496138044258,0.5202396444495954,0.3729739231429976,0.3770737195956977,0.6483320319731611,,0.3735646061446264,0.2729564994702026,0.4741727128190501,0.49977461227979014,-0.003928419765811153
C,0.32186108582677675,1.5184350236794442,2.7170774152013166,0.2832773940001038,0.2163430100577144,0.1311847797237966,0.339558955460626,,0.20715566013399073,0.15105877945656207,0.2632525408114194,0.4973009729546297,-0.014556186694730466
PBF,1.0469139034997912,0.1594272619842466,1.6722621516286018,0.6541636432239697,-0.21087280256952945,0.20081829897066217,0.3308927253249643,,0.030020789011896934,-0.09623074205114651,0.15627232007494038,0.49606814316753056,-0.004049018107108671
SEDG,1.0907087328125933,1.9861087556514354,1.5933965956096425,1.0521318216442543,-0.14661322804043775,0.1317966626584548,-0.05502096248212629,,0.019246698463710903,-0.06638651565427027,0.10487991258169208,0.4952815384676639,0.04845346629136116
CMI,0.3998768307798206,1.5352525800828376,2.7574055688698764,0.30922628639570365,0.15441112120830458,0.0947193782811313,0.49272700451077345,,0.20799660494925076,0.09925118307866859,0.31674202681983293,0.4948830360902934,-0.15097852297474323
ASML,0.3513923707534416,1.829088184360672,2.310107261904009,0.3856260323027222,0.0772080266607742,0.09772116975632117,0.45009352072643627,,0.19600541681131653,0.04359589924654293,0.3484149343760901,0.4931347080560998,0.180898896585582
ADI,0.34271316711668814,1.4499653719883105,2.568334940573947,0.29993955154673035,0.2037007570404581,0.2334096786948603,0.5701411829767205,,0.2426461848688138,0.12164232946330378,0.36365004027432385,0.4929375193896634,-0.1598604207137032
BFLY,0.4144206551052464,3.1410375294242927,1.2658634328310798,1.0591927501602316,0.37974677049966576,0.19780210567088363,1.3093220557299436,,0.6673689023748091,0.42104708376506494,0.9136907209845531,0.4925528947737673,-0.22961473752084427
TPR,0.5071827946382939,1.5151421614532112,2.457213707820933,0.3882597453888388,0.11091320523229942,0.17441632102642401,0.3438424700484195,,0.16773970416942766,0.0496965665894961,0.2857828417493592,0.4893255902351476,-0.16834790771806285
IONS,0.8781057475113637,0.5489115056833441,2.183403551549463,0.47631774755547646,0.05636948540174336,-0.01942753552372045,0.04586268438757446,,0.04650136318893365,-0.018550457288250853,0.11155318366611816,0.4877283791023498,-0.11525511452920545
HWM,0.45847176761349095,1.041456144920196,2.5625982447034072,0.2987686265548618,0.056875997942368306,0.14080288984245715,0.3313869452905309,,0.14023168576476341,0.044881398961836315,0.2355819725676905,0.4853462089403176,-0.15956262532929655
AVGO,0.38298025241732664,1.931486208778457,2.2348492560788955,0.4262592595327102,0.28950345488887863,0.18766492370648735,0.16179187747932255,,0.2225524014924275,0.22083544690298385,0.22426935608187115,0.48490801902951103,-0.05926306643096346
PCVX,0.4734867708072266,1.138893229926922,1.5642566572330858,0.517418710456026,0.14867354230490948,0.297876712861771,0.4189804374782462,,0.23223060695426714,0.07753031688799328,0.386930897020541,0.4802575711926133,0.07193059589198025
AUPH,0.550240146953018,0.83310576354104,1.7922210636028166,0.44411064563974345,0.13991472471797883,0.0793543618414827,0.39930242924206594,,0.14288972543100592,0.08841594774830688,0.19736350311370496,0.4790563537397809,0.14429988120836645
PR,0.48385006674548137,0.2782331971024263,1.672905105194141,0.33827871496906914,-0.009688961149614927,0.36752354980866153,0.6106611729682117,,0.16027514731536077,0.015735185074919496,0.30481510955580204,0.47669527963538955,0.021079158010798738
NEM,0.6485615019680473,0.5761242977751134,1.8324894815559993,0.4466466936557925,0.093486005245764,0.022115132508795154,0.2510690287110573,,0.1339700685314582,0.011786793000427554,0.25615334406248885,0.4763801587962426,0.01211956391827762
STT,0.24051797643256678,1.2316206499769933,2.451331344359338,0.24629659690238104,0.20903205002408298,0.07419241150780875,0.2626268146145385,,0.17695515690782268,0.13449441327713718,0.21941590053850818,0.47561502597342153,0.005500206365220528
JCI,0.33721195576265234,1.0094972058990213,2.419368666251156,0.26243980187329086,0.053154911052184506,0.2510336514763618,0.2750789323212308,,0.112250320945753,0.028509596141312127,0.19599104575019388,0.4724697391460993,-0.15106658147062946
JBHT,0.3811324568975504,1.0590042446846202,1.814385863128313,0.3822009678848661,0.24003239520294617,0.18908867813450558,0.7734747779231606,,0.24753428178446596,0.11996330146763476,0.3751052621012972,0.4723236411247308,-0.04488668359382042
ANET,0.3440535225583121,2.1470053603190915,1.8999243118267082,0.5143681731785595,0.2069522075957746,0.25760012507089547,0.14541770215287442,,0.21466877681761862,0.2059631821286824,0.22337437150655484,0.47079821020070145,-0.0632188113213823
FCX,0.3159857878457752,1.731302718876264,1.8621351504686832,0.443894454650648,0.26897379940964994,0.17352570219921803,0.6911995302716156,,0.27324082015409357,0.13233183808509075,0.41414980222309633,0.4703236182464963,-0.06273357405546032
DINO,0.6350791729303848,0.3498555459190011,2.0728063303779383,0.3561647591060483,-0.04622824979494089,0.15871453055971552,0.11968125377143757,,0.06418516214261323,0.0034490823178963304,0.12492124196733013,0.469981377191415,-0.18899659529434043
EME,0.35100149011853227,1.6290388222501164,2.2039571628256076,0.3772518501430166,0.0932563067036265,0.1822547067241207,0.1683840324046577,,0.13436420592544562,0.06065174949929888,0.2080766623515924,0.46928035840189564,-0.0773196682427395
ROST,0.25953513950764084,0.8634815268551482,2.0900375540831364,0.24602334954320193,0.09941128260864729,0.1781009000979059,0.45757205849964566,,0.2071728978455583,0.08938005980273203,0.32496573588838457,0.46895153683706403,-0.03309753437741925
VTRS,0.41130852152994596,1.0349754083184077,2.217660412761003,0.32311050508355044,0.06841343156595414,0.153073979575594,0.5007310570811441,,0.15312039659540258,0.024733866997307667,0.2815069261934975,0.46877196875370714,-0.18400314104089988
JNJ,0.3842990291655076,0.03424141749053029,2.3896387688420546,0.16504490494006363,-0.013064759438063622,0.07220892061960171,0.23931412734866275,,0.06808165203308854,-0.028339650963966113,0.1645029550301432,0.467366985148808,-0.05855501792595508
APH,0.3934362955914908,1.7456846182181238,2.337087510095929,0.3886390915032922,0.1842466538754357,-0.01855423179777993,0.20740780175124107,,0.1389911223321887,0.10045020874223694,0.17753203592214045,0.46728453979449813,-0.10786105790256906
IBKR,0.22382313810042134,1.910490326046591,2.1223158315888817,0.370951315284625,0.19371808221199616,0.11017595790950208,0.1738359973611978,,0.18269636481559237,0.15177077379175932,0.21362195583942542,0.4667909275120843,0.053146822491400014
NTRS,0.26736900549810877,1.195989713267981,2.413339726884811,0.25694563883225335,0.18009942481140007,0.08805080256800157,0.2397543005135765,,0.14615523657077426,0.10685114554330613,0.18545932759824238,0.4664351240850276,-0.1023486625072052
NUE,0.30721173431172605,1.0799677921961803,2.0297534478760517,0.30827487947105314,0.21952117646768166,0.12442392761100507,0.44200184095819606,,0.18524065624987104,0.11397121431128794,0.25651009818845416,0.46478155156736434,-0.04091660664434016
CFG,0.25207490125980025,1.3624203456617494,2.421104711022949,0.2700782343846315,0.13808927657834524,0.07082247416616783,0.2667203239530531,,0.10971086710810095,0.04627637222195712,0.17314536199424477,0.4644780479476692,-0.03720678316418746
HAL,0.445124305157535,0.4511663110794535,1.5511251994225705,0.37275188931687847,0.025676429426629177,0.13880362269269786,0.677860992344258,,0.17607780228399245,0.02668765262551947,0.3254679519424654,0.46445943290337705,0.08626239450246853
LIDR,1.666333538625994,1.9023214434773927,1.1398259714301098,1.9541378175801987,-0.03743318303400667,-0.11764706569834349,-0.4285714610093292,,-0.07527193839888452,0.04214911821878026,-0.1926929950165493,0.4637834256815292,-0.5307334137081419
ETR,0.2613977045822249,0.32922109789505677,1.8900616421771568,0.18967289838714252,0.1079991777875009,0.2154247486280214,0.1987268891912244,,0.14971701391475767,0.0816687747395212,0.21776525308999414,0.4634738314271284,0.08405730385302301
PH,0.2715746147867285,1.0627688975711294,2.426973536288936,0.24104609096974838,0.08373516148026172,0.048765375753939244,0.3454925850277377,,0.1073464523752805,0.03518736149899288,0.17950554325156812,0.462955093950337,-0.06901986981653963
MAR,0.22667489356229084,1.1327508467251508,2.0948996557539923,0.26767498715805177,0.17180331622720102,0.16228297193939145,0.4258799770182953,,0.19570311228582868,0.11666864109344859,0.27473758347820876,0.4623152801425102,-0.06756080951671595
CF,0.6047440343329346,-0.4992223555054167,1.1693056547625216,0.39126683949008545,-0.11086564096574736,0.3081008995035772,0.3337687057284464,,0.10509432018741996,-0.011603723709715323,0.22179236408455524,0.46116899295162667,0.08385292785252996
MRNA,0.40270800479318863,1.762602021692378,1.4279893276878592,0.646044501306943,0.025190833137138435,0.36483740822338584,0.9379510299923706,,0.30561828921250256,0.06755061925000569,0.5436859591749994,0.46069750301339035,-0.2557566953459537
NIO,0.3910900912542197,1.3363489564575375,1.2682689930079,0.6191224078096016,0.17353947117777513,0.4719827845338269,0.0014662392658326695,,0.22523789065049152,0.23205136155854808,0.21842441974243496,0.45942462337769024,-0.08671094061588658
CSX,0.223653141550343,0.7597904420426088,2.0805795306300996,0.2151971931994235,0.09283552880519896,0.19731868248193307,0.20373396644471664,,0.12153645756455045,0.056238848436864025,0.18683406669223687,0.45887837575374807,0.006288650277953778
HAS,0.2947618183960567,1.2716190504896152,2.2222633393505054,0.301402158182142,0.0602423271627357,0.12578898710027642,0.33183150345209667,,0.09751025796936157,0.019659143957245866,0.17536137198147728,0.45831295759313206,-0.08202661821991175
MPC,0.4408145809754498,0.3531087998968424,1.7856726793296722,0.30518215903559215,-0.09545378651970227,0.20930750670394138,0.17414038352512917,,0.04957976721005053,-0.029716769492938805,0.12887630391303986,0.45648400949232615,0.008403409569136322
SEA,0.21219531199563063,0.7369468179496822,2.5659834946363476,0.1673977539471723,0.04349132442421122,0.15889408344529254,0.3255617346534978,,0.11359032626021397,0.0386426593764713,0.18853799314395664,0.4561907300304345,-0.28129050842575254
LHX,0.37744630547340025,0.38528025275367705,2.090477937004398,0.23491056657855985,-0.04894402122892727,0.03275474035013293,0.2185361541713562,,0.06806052241045338,-0.012772112864959453,0.14889315768586622,0.45528671059192466,-0.02790846403233782
OUST,0.6694086296960292,3.4505413062570995,1.7774239666367582,0.9491612566057046,0.16972037109978722,-0.1145985194658502,-0.3412978815432459,,0.07867700596490704,0.19445020800651866,-0.03709619607670459,0.45392085262395343,-0.13331102683406681
DD,0.2796862058703193,1.266198720081917,2.194132414988859,0.297666975229712,0.07613632895729694,0.09564428954555182,0.45421760570227976,,0.11794871483459414,0.005392576959517009,0.23050485270967128,0.45382800206235613,-0.13432578332497103
MS,0.18248016738538872,1.379579669530334,2.29914280410064,0.2563362642894397,0.188070320429784,-0.007159407436339027,0.1744037564192613,,0.13972254374272725,0.11572801943288677,0.1637170680525677,0.45356002442546917,-0.04904120462349715
ARM,-0.0440828787962673,2.2937301707629567,1.2128129201551103,0.5214300607417705,0.29892485926097145,0.5862429336825559,-0.023085501164100353,,0.22289919632676264,0.24304311794044667,0.20275527471307858,0.4533837034608255,0.3173267351687332
CHRW,0.4949282195994142,0.935317219688998,1.8816426997963478,0.4096300070329093,0.06797940778836642,0.04296681141642256,0.4342253870053787,,0.13033354647193746,0.031609536303451334,0.2290575566404236,0.4525895308189303,-0.21429371168048295
NVDA,0.23294375405330148,1.7437591320407553,2.215447499419415,0.33727865362273995,0.11796008591612095,0.07827264268126699,0.12162674192096246,,0.10496609326753491,0.1003208450104456,0.10961134152462422,0.4518204060568836,-0.08373025388756306
HST,0.1782804457176104,1.0473113562622007,1.9151303973210643,0.2543740567822939,0.1193057794298138,0.15566661041213914,0.3133129434877411,,0.15269199484195167,0.0873616104322927,0.21802237925161067,0.4510212297795415,0.011459090935522553
FER,0.22617359263808076,0.8243776907250948,2.019776483625727,0.23235430758064365,0.12035462271806185,0.06994367344830033,0.1815226451027363,,0.1035318312205614,0.04999771187765791,0.15706595056346487,0.4507901883745678,0.0388833593413942
HLT,0.20643819238062516,0.9748637625629056,2.1372147900247,0.23111882791278976,0.157760733317019,0.13029560985082855,0.2877099999815631,,0.1515643025840407,0.10133007241519523,0.20179853275288615,0.4501637123353411,-0.1550929651206454
PLD,0.1904673813412217,0.6969348983504238,1.846329876638581,0.21448572344940567,0.10594519419658965,0.10182561299377513,0.20077226537173654,,0.12975816204878243,0.06919720719479441,0.19031911690277045,0.4491107181482289,0.09146812120769221
RL,0.21891972784932473,1.4826997607414807,2.10170550160986,0.31222547749438706,0.1355939779484534,0.0509051284463784,0.22134089570828142,,0.12734122099381356,0.08920146759517292,0.1654809743924542,0.4490285287943486,-0.06274133567787854
HII,0.4154837515909699,0.6908159423767732,1.9464185568101406,0.31813462216572497,-0.07752516047772817,-0.054472269874513146,0.39595134064215887,,0.0756227943577944,-0.04065509718337579,0.19190068589896458,0.4470491714083783,-0.06833448241898943
GS,0.1959801483240928,1.4602478139091026,2.314034945485102,0.2708017738391931,0.14956303652410252,-0.04615101101322516,0.218128809220699,,0.10209914619293267,0.06663768727037249,0.13756060511549284,0.4465714566190436,-0.0866261347946401
INSM,0.6681721578248752,0.5069952960051942,1.5737776422778205,0.5195766429962273,0.012473712805631587,-0.0928612302892946,-0.11654640052018461,,-0.04646616742422277,-0.035181706362994496,-0.05775062848545104,0.44612658201867617,0.09352443072719474
WELL,0.3239110800469583,0.1594595050382511,1.87245279482658,0.1981036789885842,0.006261639102117522,0.12268555494642741,0.23065979612811427,,0.08813717418338403,0.028104728115281613,0.14816962025148644,0.4459457725287989,-0.07810257668337339
CAH,0.4595477396967193,0.12067302513351935,1.715583735674671,0.2886115709271374,0.012454504139793654,0.00491297830831483,0.3814060091148459,,0.06624241176944257,-0.014970310076893149,0.14745513361577828,0.4455933424496589,-0.02836727964430008
WAB,0.10775411514164168,1.1315555631860224,1.8671022621904576,0.23645139804465415,0.10757392048989378,0.15389998606780164,0.3392513120192284,,0.12785477974811935,0.04175967041811499,0.21394988907812368,0.4451454813940865,0.08448554032574895
CSCO,0.20339308639348197,0.9052494251613289,1.8674483510369895,0.25188081550416175,0.1174917485224447,0.15239014512827787,0.25404765974798793,,0.12934101634399617,0.0814616899273461,0.17722034276064622,0.4449498656953509,-0.040292588119190564
HPE,0.14568500538457418,1.6503357243233947,1.6555812103910632,0.3819875657685473,0.23597244267405282,0.21232287645901904,0.06911054549863271,,0.1676672830577675,0.1613485449942501,0.17398602112128492,0.4448460690623977,0.045400496108422006
DVN,0.39800990312298734,0.13278209330472146,1.3420048913795706,0.3257594355595109,-0.08160299662847581,0.22414694709942817,0.372193835948297,,0.06964866727729307,-0.040968599672032306,0.18026593422661846,0.4443220199671849,0.09484140877361735
PSX,0.39016952354400336,0.4251360634565634,1.6647854661347619,0.30968139038282333,-0.09476675845436588,0.12603050519532388,0.2271060645983891,,0.03157648240854074,-0.05695346891635332,0.1201064337334348,0.44431303072201145,0.0476539953771995
HOLX,0.1601465374155616,0.3984722927713925,1.1533483632564034,0.24074795536661095,0.0035648835499910714,0.016856215869303526,0.11418939865341549,,0.03742535856701164,0.00935927523074091,0.06549144190328236,0.44418581209989433,0.7201410574831544
XOM,0.37030933604222604,-0.09520109121990211,1.4753120722726634,0.23197267431862392,-0.07075318329583247,0.14160976020001392,0.3323668895355292,,0.060551439211891225,-0.052826807691379284,0.17392968611516174,0.443552028604144,0.1116655240430624
SPG,0.16972945296721748,0.6386372814093129,1.7979109136124858,0.19916448713346213,0.08599264010485608,0.144259921746122,0.1839880671636398,,0.10898725219347935,0.06662008653131879,0.1513544178556399,0.44332107739848126,0.06387229960348995
GM,0.315917710832125,1.0566860659574702,1.8479753508783798,0.33959413805997496,0.10594316666466108,0.0074470805015320884,0.4130669091163637,,0.11811019775788864,0.053226778195740405,0.18299361732003688,0.4427446758474634,-0.07731045654391366
TEL,0.1814368680916938,1.638970884384771,2.1087814657817647,0.3152586109678236,0.25421655739948235,0.020561707074867597,0.10869049889601845,,0.1318455826353906,0.13195583753556014,0.131735327735221,0.4422938008735239,-0.11428140796735153
CVX,0.33730555411408897,0.002307629365727906,1.5844222023960255,0.213318225928861,-0.07361157581319455,0.11813832179970074,0.2350591565972595,,0.04636961810393518,-0.04005179014313947,0.13279102635100984,0.4418196909543694,0.10154171506762855
STLD,0.18520933236561749,1.3879219129628728,1.7333836741998576,0.3429957218053521,0.1907553678300169,0.1475070979656481,0.3798639619949573,,0.1725405262688105,0.07852724295861399,0.266553809579007,0.441618058689965,-0.06616940212495026
MRK,0.30774136101314065,0.4904890037167868,1.628892614903235,0.2777341939640662,0.039912661090167445,0.08094010854598888,0.4383206751288191,,0.11437932918457892,0.0033273111016837516,0.2254313472674741,0.440811869618971,-0.007937166463913514
BG,0.36532926328074783,0.27129018981938846,1.4349599922353002,0.3103499169734333,-0.038458410787814534,0.10213392385881814,0.29795002796152326,,0.10431957234982066,-0.023115672440688326,0.23175481714032964,0.43936708424696486,0.021399624227072644
SLB,0.2283113269166295,0.7792146314650825,1.3753998473867015,0.33308259722763167,0.1619594042809791,0.13743906077521495,0.6392083543857381,,0.18453678255020264,0.05485771511876172,0.3142158499816436,0.4393192592316901,0.050433763950366695
MCHP,0.24432947818650116,1.8147064102474766,1.714280976107044,0.4547288694176847,0.21712259697943948,0.06412018155712662,0.2258598995679495,,0.15058220952721513,0.11848424413457345,0.1826801749198568,0.43922546882332214,-0.06389353655779673
EQIX,0.21342169928059507,0.4679488744339294,1.3463530845466598,0.261025028411563,0.11818480406665288,0.36508598359060485,0.3392459249408959,,0.22474890074430978,0.12771590106842112,0.32178190042019844,0.43869889800875894,-0.16515291430237788
NTLA,0.46254798753581217,2.223940913401243,1.12836941113206,0.9912049403499119,0.13171837744841075,0.2594776708846591,-0.4234477580672834,,0.14029566146188183,0.13232698007923005,0.14826434284453363,0.43847118831970044,-0.10690550343209293
TRGP,0.28169266653343306,0.30658187387186997,1.351855329073484,0.2752598851284674,0.006496300112044384,0.30090943044466645,0.5771669131650805,,0.13234531076745437,-0.002310568949192899,0.26700119048410165,0.4376032727367624,-0.04848892285381923
IVZ,0.24554386120230662,1.708774205321878,2.0885669662989947,0.3588610347452143,0.05935095581213967,-0.14902228320392608,0.0691182156334269,,0.028724708575842917,0.0031184978517147612,0.054330919299971074,0.43743516667421894,0.06067389192177819
BTU,0.809713203012004,0.2313380895376563,1.489268244810961,0.58951149720614,-0.29260891324151306,-0.2870909476260499,-0.21739745528226362,,-0.15016738244991912,-0.23695232695386093,-0.06338243794597731,0.43661447589374486,0.1563215086947849
USB,0.11901258662331374,1.0514739946731906,1.9194944825946476,0.22355849537932082,0.12076845615079401,0.0661323381146155,0.2502448740645271,,0.0961597921507001,0.048857512860743156,0.14346207144065704,0.43653453268652526,0.024642042565625077
CBOE,0.3926360195671867,-0.25888749327002436,1.4627150366412203,0.21623038974049355,0.04519636605056876,0.11021917953365001,0.24381831056865377,,0.10193711079433895,0.03926411557541336,0.16461010601326456,0.4351325359201877,-0.09900484874413962
GNRC,0.271001960300458,1.6622356468395945,1.5572323536456765,0.4888403343858198,0.05907026303829466,0.31388227545485337,0.10658949303355425,,0.10547613111027915,0.01750924337681136,0.19344301884374693,0.434930078265867,-0.16379275242497582
DLR,0.11266256412572737,0.7538743163921211,1.5326366578840693,0.21857723324622458,0.13792328344168125,0.2767415384936267,0.17949440920936888,,0.17333896438104596,0.1335657286183822,0.21311220014370974,0.4347172818966838,-0.05617461821287795
NDSN,0.1443391602775632,1.0605647079196836,2.0449392411623646,0.22354060595368197,0.0568366336361783,0.03989051001622301,0.2238125739339316,,0.08522702164272965,0.01350198303230801,0.15695206025315128,0.43423032867727246,-0.08197040498442365
BEN,0.10216122936481346,1.3441206231249392,1.8408464825596913,0.2708411373929206,0.1689286929275542,0.06540408885934634,0.2307237669442208,,0.1097026547886367,0.07651134245622893,0.14289396712104446,0.432252688840641,0.001003656260027741
KEY,0.1462691175164005,1.1585930498531047,1.955905565294312,0.24948443376040608,0.14315676905738406,0.03701561764223005,0.25555156548505886,,0.09494841944605904,0.05171915238894101,0.13817768650317708,0.43218149812645695,-0.0781415472007877
KRYS,0.2570437057715372,1.0531557185051936,1.378710116096026,0.4117228085366596,0.09321049895686251,-0.027658657637824158,0.42085073656724026,,0.17006471783486793,0.044039948385067224,0.2960894872846686,0.4318954277411044,0.04163378464621226
ROK,0.21965722731433768,1.3473864730031642,2.151318318933522,0.28681768323506385,0.17070774727652682,-0.009394673510843998,0.18920088448219152,,0.10294469205882179,0.0853714301059059,0.12051795401173766,0.43137715414692995,-0.2859538484121572
TXN,0.15363803193359257,1.179214027109885,1.4473366048496215,0.3464422591746157,0.20463365549176404,0.22313928778890468,0.33157304815133704,,0.16408430017019132,0.1122167034501388,0.21595189689024386,0.43091468944650113,-0.05841587500306844
PNC,0.12612610056402593,0.9761841708920829,1.8883080320030892,0.21925867008745517,0.12609715599311855,0.061550352308255674,0.2519237310538305,,0.08366886380951255,0.04538157705309155,0.12195615056593354,0.43085788524878155,-0.028320320042013236
BKR,0.2740641493967395,0.6998546303578927,1.540462086842999,0.3118994459547325,0.040013904930018995,0.15395215613724011,0.3557589289422034,,0.08644329280691793,-0.018988774017281926,0.1918753596311178,0.4306403386855833,-0.07297965084779101
LMND,0.5015738737579597,2.749946823779997,1.558769592318198,0.8420769129774373,0.1012108732968584,-0.11535103776507394,0.3525262423166946,,0.15873382055366825,0.1674945124167634,0.14997312869057305,0.43031016210142636,-0.31637044299405626
NEE,0.2942640385658501,0.2274002603603475,1.5433170247849275,0.2341257275303804,0.011213767400257701,0.12674504782777252,0.08677317329574619,,0.06524035368628012,0.0003546960148445476,0.13012601135771568,0.42917403530048287,-0.06319231577428774
EBAY,0.28476019285959314,0.7370237050697732,1.3627636789307476,0.3684625869350089,0.14035093553406663,0.09295153970902814,0.15957180156216544,,0.17017139002251702,0.15690412276759783,0.18343865727743622,0.42899647147562264,-0.11739252945680922
OXY,0.3669044587301454,-0.05519199987865196,1.0436219942609146,0.33597118597144043,-0.07862281720811348,0.25192026690631164,0.29797960086144615,,0.06919411796224,-0.028495333298607116,0.1668835692230871,0.42892759456568286,0.0543451101562753
AME,0.12371575991436659,0.9451329645230152,1.8638193769064042,0.2159328168503921,0.1104008542684205,0.10052594267171022,0.27572327211918823,,0.11083018775360375,0.04729536203657688,0.1743650134706306,0.4278976998181255,-0.13752074372478384
OPAL,0.4980234404457561,1.5909501502422794,1.1368852095784303,0.8507767811125271,0.07789471274928084,-0.003891046973935164,-0.07913670175336274,,0.10583622849698482,0.12760425749485504,0.08406819949911458,0.4275601173701574,-0.07341285942275966
EPD,0.20254019215785615,0.09285717656126831,1.4828508076232925,0.1550568401550487,-0.009989274768805845,0.14258023290863853,0.24345815642267077,,0.05976283283404359,-0.010528863790233201,0.13005452945832038,0.42714010829237004,0.0556981365536493
IBP,0.36032537263453407,1.2560069072735565,1.5793534379685712,0.4626919350770195,0.07385359248481671,-0.04562680344256931,0.17304182731532558,,0.06703718767283562,0.005722991047787207,0.12835138429788404,0.4269592472369321,-0.08166033640803039
CWEN,0.2546335726636017,0.4974070254868829,1.4892978802172405,0.269477111933524,-0.008109470406707175,0.11971954181090583,0.2407011946641331,,0.08865117545237644,0.003951275921225971,0.17335107498352692,0.4252854285415242,-0.0816190592493089
FANG,0.29545830912746684,0.12918260407768525,1.1010896810022013,0.30293407138996714,-0.049609810030964985,0.20241050525224957,0.28643637684165646,,0.08231944331727226,-0.00715096530187396,0.17178985193641846,0.4245681525441552,0.049371736396091936
HUBB,0.07799082660690337,1.4148341649745346,1.700548151640726,0.29123655994458997,0.12168305014969882,0.10930318582200171,0.24135577289535104,,0.12109363542114661,0.0651534323821818,0.17703383846011142,0.4243210599265439,-0.0617479236323486
GE,0.1831184751357413,1.1999413862828716,1.8241054688862524,0.2943974713089956,0.010533006106253184,-0.04803074811549746,0.015998170623976016,,0.0011850383762407567,-0.0254422257941321,0.027812302546613613,0.42398890636233577,0.06777389630606434
SANA,0.48450331155063636,2.6125013982253975,1.2393652327626394,1.0126128292009469,0.12460059176555549,-0.24625269305778175,-0.40540541629010995,,-0.051182256680818654,0.011610521580970543,-0.11397503494260786,0.42368755989338003,0.29388797075594564
L,0.15273914704185373,0.34468025471826635,1.7203785358533596,0.1478710700717668,0.048888419677627803,0.08001348567668587,0.1113474443382716,,0.05746064027845579,0.022729174933598443,0.09219210562331313,0.4228759172652394,-0.04797917290289899
TT,0.09479022908145499,0.9922209694809108,1.4039169925300303,0.27595769732903747,0.11579557471528257,0.23236610656938428,0.12973937132699365,,0.10018729062396456,0.0734725548791053,0.1269020263688238,0.42274538509622944,0.027038939138433138
CE,0.2323557266587006,1.14724058435807,1.006933470102181,0.5667767381023672,0.03573216582831251,0.31662227533797593,0.5453614187665601,,0.17531594871835746,0.07010055642637125,0.28053134101034366,0.42252048362631567,-0.10631267529872823
BEAM,0.135963288173331,2.1153590210558377,1.0365797389977764,0.733023245085399,0.23973142843540485,-0.020592819442221466,0.1544685094923035,,0.2291155844042323,0.17981790899122924,0.27841325981723536,0.4222639363561491,0.13451673382272622
DAL,0.09946042168846014,1.8689810776099556,1.5611700158844861,0.4167841949832757,0.12396175642025575,0.008058152095060889,0.16911932785566952,,0.11227305548639524,0.0759138843310385,0.14863222664175196,0.4220795040520403,0.05285185289868677
USFD,0.26053923629980563,0.5283067904965344,1.5187930407894437,0.2741324716937326,0.05317000231128821,0.09990610596080685,0.21344390043190442,,0.08059143502435372,0.012505858947029377,0.14867701110167805,0.4219239879720489,-0.13124389267831527
ADM,0.32072310251668823,0.11115537607316724,1.3450385018562099,0.2628219786715328,-0.05404263697787659,0.01465071951663055,0.07470027226878062,,0.02612045854207712,-0.033960874541790725,0.08620179162594496,0.4215914074054973,0.062255399825725144
ROKU,0.15560830656821065,1.98738349187888,1.5809720134212728,0.4691662993924539,0.21461423785653388,0.10688769258097519,0.17863664316553152,,0.2055360026704307,0.2189492856834738,0.1921227196573876,0.4215459996813891,-0.2881552749990489
BALL,0.16983423346650547,0.4698127915835447,1.2078987278207678,0.25531453615499283,0.07646079656735782,0.15714227231920286,0.36561281092086695,,0.09998760605473066,0.022077361171412742,0.17789785093804858,0.42137714103265766,0.08839711371447567
HCA,0.31875573283159064,0.3507839073009985,1.6433675314227176,0.25691813717752676,-0.027985236798297897,0.010181613410257695,0.16467059391719174,,0.01704546969135166,-0.04440684806987117,0.07849778745257449,0.4213728969562171,-0.10389110260775247
VTR,0.22965271698276618,0.023557990148303735,1.2981855740549275,0.1822548167404519,-0.019287308768654143,0.11343788562508306,0.2508376314816214,,0.07553091435876785,0.00858847055110905,0.14247335816642664,0.4210024603985819,0.029821905620870615
RTX,0.32532109329862724,0.40750251506068647,1.7559645491125453,0.2537090290832803,-0.039792723341800285,-0.01379974495708014,0.26019935156310714,,0.047593364531397474,-0.019191500300965586,0.11437822936376053,0.42069399412297,-0.23387376815371264
TWLO,0.18106048033711247,1.5159451030676976,1.2254225366193798,0.5126000572177953,0.10715130171152842,0.1697278513795457,0.29899870032918163,,0.15366710329211627,0.1434172103288334,0.16391699625539916,0.4201460293312198,-0.06781092685500789
NET,0.28297939101783204,1.6478106124068526,1.4809976245913679,0.5192183221201028,-0.10861269601924117,0.09150649592357274,-0.0753979161905165,,0.01249647240351153,0.030453754751217664,-0.005460809944194604,0.41974266085664313,-0.03458041536398371
TRP,0.20902442594611084,0.013252739606947608,1.212422782842824,0.17562602960305573,-0.040248787384059126,0.12704077601652108,0.1836869545915516,,0.04144880645710443,-0.028764474302161204,0.11166208721637007,0.4197068222765739,0.14347194652638362
INCY,0.2916245565537198,0.8776672234502643,1.6958646160177853,0.32459618425789644,0.06049438378452554,-0.07050549524478611,0.10969935339259651,,0.03541295907479096,0.008738543552220158,0.06208737459736176,0.41921054656763423,-0.11346883084665271
IRM,0.09247618508596658,1.046399181801665,1.3435300101879033,0.2985316301552296,0.11660679099823801,0.284478323137495,0.13728629314537444,,0.1758851862371586,0.118556116254289,0.23321425622002823,0.4191054123411016,-0.17297152872281485
NSC,0.12154843343486808,0.6469159931982738,1.668624376220447,0.1871844825424032,0.06337044752963772,0.044523109748640044,0.053422190998334784,,0.030831460933178914,0.007313513240398034,0.05434940862595979,0.41868066512218544,0.032927702729695696
DKL,0.2701007812558743,0.4148262896527023,1.626386486530904,0.2412979457653027,-0.07499993950573136,0.0464310029106938,0.19151321288786227,,0.01740285601761366,-0.05165221096206011,0.08645792299728743,0.4185758200670035,-0.1041478809738503
COP,0.26235062916928786,0.15655733925833246,1.0696870014215043,0.28842400889607656,-0.061544686748417066,0.18207860495777517,0.3452030691611987,,0.07367023418368657,-0.02633749990551186,0.173677968272885,0.41845871806631363,0.0441049465439709
FUTU,0.2411777350550805,2.050895754454706,1.5961934439823893,0.53003576705021,0.17237253842922406,-0.03905301618231882,0.07769177308618502,,0.08918557141251837,0.14501251575405302,0.03335862707098371,0.41843771778167244,-0.12613079186075016
CTVA,0.20266302975521405,0.31379301747071325,1.270201481401917,0.23241089052643094,0.0126039834403473,0.14214036375563222,0.30409121571122744,,0.07135855393479855,0.01454431412867945,0.12817279374091764,0.4182219049462004,0.023697163613762617
TFC,0.05895656386462167,1.1112111334819617,1.6427267973690447,0.23538989818967002,0.1532497481081796,0.015913208788647104,0.1944724542220717,,0.06653546387687223,0.04036586487834769,0.09270506287539677,0.4173428152306618,0.058713284381254116
AM,0.22214284083230693,0.19387071686488494,1.351947975321499,0.20660580456163746,-0.06376424231245803,0.20787246737894738,0.19090756715123747,,0.04676178526579214,-0.03774877012987416,0.13127234066145843,0.41721767620137257,-0.0684977732947879
LVS,0.2774165344052921,1.1397731043015793,1.6851596578316481,0.3640989865422084,0.06879286229332005,-0.044040075462094874,0.18654582468028047,,0.03205128310703932,0.04412175390115529,0.019980812312923348,0.41698445003921636,-0.13741204364674686
WMT,0.2622330138061295,0.14825895324816304,1.405907381727765,0.2176234327112747,0.047398444841745935,0.07182610224885799,0.17419154570114337,,0.08580105781020927,0.01632146712729441,0.15528064849312415,0.4168271549158088,-0.13398981421570477
BIIB,0.23062949374313824,0.6624030994581647,1.3039288467841978,0.3266966579887526,-0.027206360164005572,0.05208517765802756,0.2345120533384204,,0.024870019808856718,-0.046872246658753766,0.0966122862764672,0.4162695946277556,0.09077427539067595
FITB,0.09676319295903195,1.145840806750935,1.6796208450266568,0.25880906685396643,0.15705559664343016,0.03620445478284906,0.1935194306558623,,0.07671264511497632,0.037776801304170146,0.11564848892578249,0.4159713704050223,-0.06765462659215904
ETN,0.03445367898405623,1.4431336994735753,1.5167065734233993,0.3033354733056087,0.12667105405159496,0.22196558091173668,0.07042251595618976,,0.11419756162124739,0.0945560508006787,0.1338390724418161,0.414932991209498,-0.11155665732658226
AEP,0.22953276615979612,0.019523812482563074,1.342145377422193,0.17530950396832806,0.020539073194885127,0.1282815663092962,0.14552513042145443,,0.08136387883918239,0.023253870354077086,0.1394738873242877,0.4148609689470053,-0.1173855694219671
NUVL,0.16673318049278038,1.0449803857408846,1.1096264050686981,0.42800419844844684,0.10448527428193999,0.013658599267359683,0.20046855581280032,,0.10378799271235062,0.06057008080536891,0.14700590461933233,0.4144191139449489,0.13950855720961175
KMI,0.1937040972330352,0.11890171435414185,1.1635639570276737,0.19661254379692203,-0.01809261396948858,0.1795216290222006,0.184225954435838,,0.05203531478567293,-0.023691179808257516,0.12776180937960338,0.4138401701969786,0.040990899591367924
EA,0.2792568250843137,0.21879961492451971,1.4943060341020191,0.23006428969066672,0.016051050350961882,-0.0006227496491794104,0.017254143964480217,,0.04193171510725232,0.012528435335192423,0.07133499487931222,0.4137038511099571,-0.123754034035651
BAC,0.07390747268576124,1.0283260420725648,1.7331339024766912,0.21763307361499393,0.15118508946250753,0.03089485942312642,0.04239671724521732,,0.0651061316521944,0.06694101785138928,0.06327124545299949,0.4136733398057908,-0.08303794271966525
PAA,0.21168984135380375,0.1295737409860539,1.272802541886371,0.19634189936238622,-0.02594992900473625,0.12734458666051784,0.36523576987204387,,0.07432838479354113,-0.012004451789045521,0.1606612213761278,0.41356300643198307,-0.058509803112561265
DOW,0.14488436008835986,0.7767408810321095,0.7630469433304012,0.4900946360350408,-0.05545238070416969,0.28925039381065454,0.6467018104882165,,0.16784281563513948,0.004197976594759783,0.33148765467551916,0.4133924055883825,0.04339817369947374
TGT,0.08030620388959858,0.925946045402914,1.1547816218997562,0.3060245242329064,0.11116899562687488,0.1620641109395824,0.4384336032975329,,0.1777391627034806,0.08627347721366203,0.2692048481932992,0.4123409215325414,-0.06272233380416614
CFLT,0.25234562527807475,1.2208327551872946,0.9978915951803562,0.6136945057918894,0.014070690860286339,0.0312812165698273,0.5691139124616817,,0.1301407571568526,0.013520129097121615,0.2467613852165836,0.41198968621230747,
RF,0.07950910844234252,1.135988129433169,1.6301724983433716,0.2542928503859008,0.11626977417144269,-0.004192483980588468,0.16003491064412234,,0.04995103774772558,0.023152162921389753,0.07674991257406141,0.4117906566163563,-0.0015706458481593577
SYF,0.07745729881690645,1.5212728121628454,1.708016141945653,0.30802973480202234,0.20208682735886696,0.012341416509768832,0.09212081826792118,,0.09447289194936173,0.12220482427222039,0.06674095962650306,0.4108832187048058,-0.15893484694625348
NI,0.16155099588009525,0.237226229384935,1.283564026982591,0.18036896060628366,0.03625058944929327,0.11742297839179106,0.12438254823572703,,0.08159192548885408,0.03864779015319489,0.12453606082451328,0.4108501763869279,-0.05241127353379671
FRT,0.047076535926919016,0.5521059104592243,1.1629549507213088,0.18049431927917,0.07759460685873099,0.11728992464909216,0.17114263794790774,,0.10290677721811638,0.061522210493480944,0.1442913439427518,0.41082873897742533,0.1250165943266528
SRE,0.1678667964955573,0.410841328440595,1.4845285238104837,0.19469781908488604,-0.0038355526117151983,0.033913611580405956,0.03333041531309755,,0.0374782916279705,-0.0013960743951172523,0.07635265765105825,0.4095947329469773,-0.0604981298076096
ODFL,0.012533245055331387,1.3534491560962696,1.0350820931277953,0.39774641809825684,0.19274790913561546,0.2236356139386797,0.6180139194974765,,0.22261355616753295,0.10842270426570405,0.33680440806936185,0.40922448977014325,-0.08359165180220451
AEVA,0.4541210728971507,3.648886934193717,1.3266738962792,1.1534647948039545,0.0773972007699939,-0.20635722581045002,-0.18030228741685717,,0.06242021461722418,0.1312721243068567,-0.0064316950724083305,0.40917687476266534,-0.19993939878876277
PCAR,0.08903961229520023,0.9864543464620318,1.4693332333004965,0.2586005337170618,0.1007934197621072,0.038211287952829576,0.350638233340272,,0.1095767110838186,0.03897700656732109,0.1801764156003161,0.40896414890458854,-0.1031575486471058
ARGX,0.20959154449191203,0.494525227489502,1.1324280399317677,0.3138740251487811,0.23989069879043834,0.04402143060211561,0.0409877187334482,,0.10553933526050915,0.10640593214186628,0.10467273837915204,0.4079273944037398,-0.057418110637509234
SPCE,-0.0937022892212184,1.9536034460736036,0.5472746162679114,0.8815785986424309,0.13565897418647532,-0.03300326916726093,-0.3630434505430189,,0.012534772932205451,0.1273567009165337,-0.1022871550521228,0.4072905682520771,0.9097620532298989
PFG,0.03879253556647469,0.9868249979839837,1.448020372813143,0.22778173737470492,0.10948313140698973,0.06655451587715988,0.21078925819287342,,0.09740032624055031,0.05541508029113484,0.13938557218996578,0.40726477157190194,-0.05152713650811447
H,0.1087981414343026,1.3851205210724682,1.551416206773298,0.3334410126842348,0.18640796488190547,0.017266712773870374,0.17753936425692407,,0.12251837417061183,0.1079772816749767,0.13705946666624697,0.4069862151015649,-0.2200148015407657
TDY,0.05915962099993797,0.8743543864125705,1.3580873303040486,0.23343801237393996,0.003092151368190299,0.1160395453666978,0.12532298876301606,,0.04939476611921967,-0.01672961833174139,0.11551915057018072,0.40658945069676034,0.023770891828339913
LUV,0.21470160722610962,1.4495427897960051,1.4815643592870809,0.43346685280952246,0.06245340189094706,-0.005001150685997935,0.28341352220169025,,0.05399246650932592,-0.03469101523875357,0.1426759482574054,0.4061524492636685,-0.17542982501542137
LYB,0.18447550674145174,0.4227774320151926,0.6693533312940135,0.46188376980946855,-0.11875000887728782,0.3182903056999724,0.47571247077419887,,0.1141915657717614,-0.014726703071269847,0.24310983461479266,0.40552738347830697,0.007827611754238184
CINF,0.11388072589563683,0.5011743541247611,1.2834809636550035,0.20389077382213577,0.04747003020620677,0.027145126608578485,0.07887381318824005,,0.04381907869585223,0.027775338031426865,0.05986281936027759,0.4050807800493468,0.05295944138340669
NTR,0.31206973296602575,-0.007829463813337573,1.0162961189292825,0.30479366893371307,-0.0866580591432573,0.04866680050247196,0.2236550532770134,,0.03820153853879768,-0.045031194746968116,0.12143427182456347,0.4049650542372305,-0.03557980087837842
MTB,0.050504733558428466,0.9834122043707676,1.512997492610247,0.225075239950911,0.11021456921235373,0.03642577400767144,0.20015215107367834,,0.05761333393223322,0.017702339378449658,0.09752432848601678,0.4044481018845559,-0.05375602863324813
TJX,0.12465443897692456,0.38045834270672013,1.3887980870296508,0.1705513473018345,0.05108914638616158,0.03185360476225463,0.11325080800703868,,0.0599789440494517,0.017920006701322804,0.10203788139758059,0.4043430768824384,-0.07212018747262816
FE,0.17484572684849395,0.022481886098172473,1.2723684769790513,0.1426286616615611,-0.01105411320524552,0.08608514331480732,0.07096822489411903,,0.050862961014713284,-0.0006642554040426455,0.10239017743346922,0.40394725138049836,-0.09086006169567118
JBSS,0.1778437715053198,0.12023702087371749,0.6905587517969485,0.3088872009787228,0.07718832330297376,0.09049405961314427,0.35183660781287207,,0.09233974488203833,0.021211330165651795,0.16346815959842487,0.403046630123211,0.17078749438706775
WMB,0.18710992288899975,0.1779252999970602,1.0756018230375617,0.22274475808880417,-0.022664855174605036,0.18861721553713218,0.13287497710901475,,0.06020734579057521,-0.0181785559430977,0.13859324752424812,0.40304094687884784,-0.09065292301953443
EIX,0.16051126503924973,0.4195916141895179,1.035778337674616,0.27444059059237225,-0.014529230138155214,0.1639191178390189,0.2805529773064137,,0.09952555577039064,-0.0033953361184304105,0.2024464476592117,0.4029659540485814,-0.09082765458669795
GL,0.08716458399184475,0.5227371292439681,1.1316111047431068,0.2132651408756191,0.10607254828087131,0.08866895923531182,0.10438219805003413,,0.08510649656025321,0.06476485453390278,0.10544813858660362,0.402965420577357,0.023591098599432758
GRMN,-0.007221711167998502,1.2928570245176336,1.23072056243905,0.30394800647510783,0.15466323998371845,0.2626759585667169,0.08084840273073257,,0.15698979378440975,0.12215995576372786,0.19181963180509162,0.4029607271812006,-0.18383714864399658
EXPE,0.21805753315930088,1.5116408905426864,1.438799380600661,0.46141199477577394,0.10748210203873709,-0.09468284028047125,0.2217255651941703,,0.15651727703328572,0.1624579737949751,0.15057658027159637,0.402454797159399,-0.34243307799656153
RRC,0.19390040292373145,0.22361147803440154,0.7950230853652784,0.3268448188120861,-0.04070838262186027,0.24427080885489794,0.12786287101587246,,0.059065787939484526,0.004457733133676703,0.11367384274529235,0.40157495641147956,0.013759674024562685
EVRG,0.1838947779167506,0.07995262804541782,1.308814539922564,0.15852120906421435,0.010179075567027907,0.09612638895304815,0.06591137467644304,,0.0568561329828436,0.012688274536940568,0.10102399142874663,0.4014992785657525,-0.1827021337727721
NRG,0.13063198458436287,1.844961729178921,1.3667455425048545,0.49369733200815796,0.05417632508403569,0.061537041209241305,-0.01543519107843716,,0.04899230385590665,0.04385391052969502,0.05413069718211829,0.40101249014341406,-0.11969179962269905
AAPL,0.01933679672619535,1.017549464885293,1.3583117183456763,0.23517303742360243,0.08117951647087196,0.04753064402885765,0.08584698184063821,,0.055105288836253964,0.037136136670154266,0.07307444100235366,0.4008993638668336,0.021576186399620445
CLNE,0.2817426674489604,1.2397841895342065,1.0866966480582496,0.5957383763432134,0.04651158148691947,0.02272725056025582,-0.22945207492744657,,-0.0552862432297335,-0.05841981748802319,-0.052152668971443814,0.400875509652965,0.09053340746682736
SNA,0.036036039063504346,0.765945138131814,1.2710088442514704,0.20608271296942393,0.050469582910695365,0.05294544826469494,0.15918446287274435,,0.061063513969502346,0.018899231234343523,0.10322779670466117,0.4007636638186911,0.03753849582624191
CTRA,0.23759495049771864,0.03222225500107417,0.8404200615868472,0.29401740051816677,-0.07708400767726309,0.20929265674149056,0.3525558307764347,,0.061506564502176585,-0.041632462204957796,0.16464559120931097,0.40067721952169205,-0.06272289145078258
ENB,0.1911452608572181,-0.09653633726310681,1.0409411397197612,0.15627609197427983,-0.010706301494202375,0.14025478647523193,0.12109485821001575,,0.04130979294046855,-0.008451046571203392,0.09107063245214049,0.39992188172206405,-0.05267741807363591
LNT,0.19164157913258392,0.027632175553062813,1.293885207201641,0.15441170278882146,0.014910809127247404,0.09487346412209408,0.0778715175006679,,0.05899421946347666,0.02355168826904517,0.09443675065790814,0.3994349276261197,-0.21923585532058032
REG,0.026429488554189258,0.37355805514208956,0.8655518805527578,0.1578199589505939,0.059293176555270666,0.16992677023044545,0.14096615035059834,,0.09586078515504881,0.053723107889282494,0.13799846242081512,0.3981809117546299,0.10916091499245328
HOOD,0.10508437478309178,3.038780642149271,1.503984485492132,0.6657641187513467,0.2116154626331308,-0.1776166628467838,-0.32351841871847953,,0.023397943243650507,0.20143616438905854,-0.15464027790175752,0.3976964037950468,-0.00321102013290675
MTCH,-0.06852271430459185,0.9983738365389713,0.6977098216107208,0.3238071025893299,0.16127241882056276,0.13077065341869232,0.09348155177106388,,0.10824289845187296,0.1359320279974458,0.08055376890630012,0.39725087664080844,0.3224896833516415
CVNA,0.15684375096507783,2.2530529651495637,1.3613727185797604,0.6033079549283974,0.33094062200013674,-0.15915206849159325,0.09034377395321136,,0.11461379364713689,0.16881792465473275,0.060409662639541034,0.39700319536195605,-0.17779492967331512
LMT,0.22878341580739578,0.13462784668816952,1.033027640378639,0.2599045933005142,-0.07798783174109303,0.030145735319364597,0.20107861910461322,,0.039637993127323815,-0.06773354533696269,0.14700953159161032,0.3963206210729522,-0.06904390967992136
KIM,0.048522429116292044,0.5189665373913266,1.0507870599295912,0.19183620546067862,0.05864333173817293,0.1771179887841534,0.14126741289603895,,0.10099314617183047,0.06100091493597193,0.14098537740768902,0.3956947218591087,-0.08851152152250352
AMGN,0.10185599516972517,0.6070008128245015,1.017340263933601,0.2760886886140384,0.01086826188471135,0.08402846032459643,0.21187148934991984,,0.04514405642593453,-0.022032580399267882,0.11232069325113694,0.3956259437540298,0.0387726678897351
ET,0.09528286874700478,0.26584296447110883,0.9364598365044156,0.18547169494772153,0.010718154586008,0.10045005942921237,0.15980829052798406,,0.051669978457520783,0.00284479276044807,0.1004951641545935,0.39526148005755624,0.06711932809232946
AMZN,-0.0460163142316813,1.5296551407678523,1.2959482291657274,0.3126037763465381,0.1938819430509151,0.05197751811028395,0.16231381474951534,,0.14011112551307098,0.16950765143046903,0.11071459959567295,0.3947393886166915,-0.12161688577613727
BMY,0.10766777396630588,0.46264485761847823,0.8835813435916796,0.2762774901146295,0.023924720921965292,0.07365616206205727,0.4104289918142885,,0.10381056540837938,0.013331664294727286,0.19428946652203147,0.3947354398767905,-0.003866543883217277
JPM,-0.004796368258638055,1.0244011900048209,1.3998090928122089,0.21240459073438564,0.08388826964766638,0.008465286562481467,0.02484473489622574,,0.03604041440701149,0.040681728858431736,0.03139909995559123,0.39447925320477134,-0.011750801201918293
EMR,-0.017312732836411753,1.5154271902373753,1.4695304298316214,0.29235577207806945,0.12680936711977786,-0.00748279299103094,0.13264664206173138,,0.05273982666306633,0.03631296291160195,0.0691666904145307,0.39380601049500097,-0.070492832472561
CNX,0.23478932788061277,0.05867781595772514,0.8276749069388538,0.3045820552887565,-0.06503874278795319,0.07715867758583905,0.19315021138554544,,0.029185797382997834,-0.035526202687106004,0.09389779745310167,0.39374999794709575,-0.00405545099199367
CRL,0.192881108908402,1.5238233854882746,1.3973428729790829,0.45965511500106226,0.17039019902274188,-0.17716022786785968,0.07708530674795688,,0.06822430989137952,0.086937264770605,0.049511355012154055,0.3936941250664139,-0.19649783936682852
TSLA,0.020900475213717233,2.0987343770199343,1.313631507995226,0.4871009809917343,0.01996027384860799,-0.0865312528747001,-0.07935194591203631,,0.015374695067263307,0.0263554610693423,0.004393929065184315,0.3935865708052947,0.10403860061257397
URBN,0.1264523610937227,1.3048097030272958,1.0235575992495294,0.4995070978749165,0.16360784792432592,0.0513038955759022,0.0924889342882167,,0.08251023916553851,0.11719896229286583,0.04782151603821119,0.39316231120812944,-0.08270925652831818
META,-0.11699063841012024,1.6471309995028143,1.0390830842903707,0.3549192961903995,0.11835693214666643,0.11008300528040071,-0.03881045028802799,,0.05294160436714777,0.09369987834332322,0.01218333039097232,0.39316079310330204,0.22594636730654405
DOV,0.005593200317259467,1.0556709997475127,1.3419596698462324,0.23617529194371778,0.03222924060866905,0.06661169040489567,0.3536680307717055,,0.07365264482566043,0.006875941653859687,0.14042934799746118,0.39305951565609165,-0.12550383440322455
MPLX,0.09692709590804675,0.24430007062614387,1.035985095269627,0.16310800980706106,-0.025971725492597963,0.01796974320122713,0.1798865864101018,,0.02543330901110954,-0.02465516050695698,0.07552177852917606,0.39298032524978466,0.07677808290408028
PFE,0.12145638037635755,0.527392310776503,1.0879836783825318,0.2545975057022758,0.008784764780346066,0.08233525735147085,0.16912999627399783,,0.055156906419362516,0.012245359541809905,0.09806845329691513,0.39287305384047255,-0.09156087473055907
AMR,0.3065084516194579,0.9485346478894155,0.9852325212887668,0.5950429883977854,-0.022337845990976102,-0.2321249684158646,0.2508156323840385,,0.0574492884422462,0.004975055894351231,0.10992352099014116,0.3926269922541691,-0.038682690303099565
WLK,0.006216131530999959,1.0347192327774153,0.6388944525787016,0.48737539050869855,8.882891976891294e-05,0.28167244503989486,0.47639791756128225,,0.18366138752294642,0.04165707022441559,0.3256657048214773,0.3920060780726014,-0.07192072776351743
DE,0.11641634626225704,0.6025023690343894,1.0446633473421716,0.281535467351329,0.03706866914464313,0.1497884548324504,0.32505794502201435,,0.07640632919974097,-0.005157631110533502,0.15797028951001543,0.39169034689447224,-0.1668092637742561
MO,0.21894405018262272,-0.24437102600720795,0.7078366620879458,0.20749526029389648,0.0017695261559835807,0.05952001767611326,0.024191497942578577,,0.013203987837008905,-0.02519201940148914,0.05159999507550695,0.3915176486533751,0.0980562022557574
CCL,-0.05604906805854826,2.1932776685216155,1.2874264699731834,0.45890380060421154,0.2094370653104276,-0.0028849222329142554,0.017859538301148392,,0.02477827850223541,0.03761827468447717,0.01193828231999365,0.3911852392394324,0.09950182622982995
FOXA,0.16237119375263423,0.5339694504039276,1.1633168135683902,0.2749487568344013,0.12870768382572328,-0.09870171317218712,0.13621533811540432,,0.07628637328389529,0.10277936868628597,0.04979337788150459,0.39098219595635925,-0.12842837220113112
ATO,0.1559843897296854,0.009302670541463113,1.0496207861099636,0.15122412639045768,0.006963526510838314,0.10157684334875294,0.05281285957399873,,0.05707832562183121,0.017167470962504282,0.09698918028115813,0.3909798239332805,-0.1587965863319678
EOG,0.18627954746788108,-0.021699030025801144,0.7124775033600214,0.25247105324336433,-0.05884844517668075,0.2095996371540827,0.21435648774788452,,0.050391855638943175,-0.014976209865024574,0.11575992114291092,0.3899336200338913,-0.06942088048231065
GILD,0.11964947396455863,0.5920129596024578,1.0415605968252317,0.28250810929295467,-0.025833350342742034,0.14152780817612642,0.17781837150529278,,0.030239350542008943,-0.044623272753069404,0.10510197383708729,0.3898522732465549,-0.104164323772298
FOX,0.13120253968295625,0.5183319109364197,1.0599258596101484,0.26801114687305966,0.12255465025795687,-0.10325275325401562,0.14039836861356547,,0.07049405530510594,0.09462625419016642,0.04636185642004548,0.38978655228343434,-0.029790004461367703
HON,0.020979593443921724,0.740625693913842,1.094744709530056,0.21868947904322786,0.015788121571508995,0.09157059339024176,0.23712768505206583,,0.053036927824389034,-0.004493363036946238,0.1105672186857243,0.3895069506950989,-0.02643502566561473
MNST,0.18165399963649137,0.24980561418953723,1.1469453275326131,0.2226157524766455,0.035497435724227255,-0.015274064760248729,0.1175527970204342,,0.033355829625213565,-0.01215745559311191,0.07886911484353903,0.3893414355610912,-0.14736066969430683
IEX,-0.043258839171357054,0.992183392912915,0.949018184772056,0.2627573991228368,0.08287754629432786,0.058224913392517896,0.2664460385475138,,0.08980993712675601,0.030727608673022908,0.14889226558048912,0.3889774496098226,0.09031021566160691
NOC,0.2855973099531295,-0.1854234122191144,0.8245800927227771,0.2800348698151221,-0.0821974710037966,0.01952409949031475,0.10044783730735074,,0.012338699601007076,-0.059866169612369714,0.08454356881438387,0.38877654884007484,-0.07104301857654094
AEE,0.12417345941839382,0.0710518260708684,0.9630795349846021,0.15069209158688096,0.01769750866340991,0.09914398738803776,0.08447347800981264,,0.06259915056254343,0.025024723681331094,0.10017357744375578,0.3877389490429956,-0.1256286067143193
TXT,0.07064861605797876,0.8897048226866417,1.3533894664610862,0.24608248298536153,0.028170619295347032,-0.02062817444367282,0.11078809439275039,,0.020888448948502076,-0.019725285714444166,0.06150218361144832,0.3872468554908645,-0.1426811575994742
RIVN,0.12288421628861201,1.5378666036251336,0.9149603723060811,0.6300170257068215,0.10946554014781684,0.009964834795764821,0.28486202373532454,,0.12742362381881964,0.1152103304886197,0.13963691714901957,0.3871917292912175,-0.16160570468980429
XEL,0.14558452676633546,0.050692552962491796,0.850613201701415,0.18872862952580413,0.013246753717280901,0.0838549405509037,0.006231403573637939,,0.040352663299197185,0.011404471407283451,0.06930085519111091,0.3871034032950527,-0.038994255085048946
D,0.1806800399599742,0.04416229193412729,1.0636960844555294,0.18210524414266216,0.0035369357444907656,0.04549562624748482,0.03416087339327789,,0.0213376990768627,-0.004734142463769183,0.04740954061749458,0.38640079725572307,-0.16256819607965944
ULTA,0.20864618254147194,0.7391824457575538,1.2357427233725236,0.345258021962718,0.06282523653832817,-0.16802984511980334,0.027614246108299323,,-0.048805296838812615,-0.07937789652236606,-0.01823269715525917,0.3857665269334347,-0.025549726187873767
MCK,0.21419433796307355,0.05910938256637915,0.821042684835971,0.2821134865631153,-0.05864070422641676,0.02721159816307428,0.09594004574224324,,0.01041876385874891,-0.054053852691768364,0.07489138040926618,0.3854889007571557,-0.03389856200167751
TRV,0.0835745120099554,0.29315476493849557,0.904673129137742,0.1879500816254297,0.005213024423036616,0.11264586983806657,0.12488268375740486,,0.039699060110022534,0.0048032036849854,0.07459491653505967,0.38537153461031437,-0.04238862208891092
AKAM,0.09591251494268649,0.823608143052139,0.7644746663804303,0.4432007287271205,-0.11914386503751084,0.047634662607881406,0.30161533559084175,,0.0072379818429854775,-0.0827364337354405,0.09721239742141145,0.3853254083495426,0.1379498854650696
AES,0.2231823031415532,0.9647713212598192,1.081170895973222,0.4696002912477572,0.020451336785032526,0.013942897238417684,0.005252352351834633,,0.009510147765778692,-0.028650435666962352,0.047670731198519736,0.38519609754282935,-0.20034548491564186
O,0.11618057676386813,0.055497101140705676,0.8619577517836446,0.1537756326311617,0.03711518879311937,0.08594845068457602,0.12476984440255556,,0.06709095822915123,0.02247651433212652,0.11170540212617595,0.38462383540600803,-0.10139210259811715
APP,0.22908861386807933,2.4625208786523087,1.3391304344471344,0.7134102113263966,0.07824751860657186,-0.21382556568556987,-0.207703765766867,,0.014361972021573119,0.11106818800126196,-0.08234424395811572,0.38445991169769683,-0.22356278551130004
CNP,0.14765320401590018,0.0044962510415812946,0.955746571387594,0.1558773721982925,-0.005320368833490519,0.09990256972948286,0.09078417259642979,,0.05058903510530846,0.005804056199825625,0.09537401401079129,0.38332488022610384,-0.19856610121018725
ES,0.15425719431715126,0.26591552364795473,0.9435892717594612,0.24659300950908702,-0.04797907569788129,0.0041922400909051305,-0.02038937983566591,,0.0007179439737786432,-0.02289944435582917,0.024335332303386456,0.3828571977066726,-0.04191606505137502
CB,0.1284986186808232,0.03735263335096146,0.7797889921059817,0.17891361882651102,0.0086894795123853,0.10194484886809785,0.19221946546835844,,0.06002652442008558,0.00620413330421161,0.11384891553595955,0.3826281782095554,-0.09569033158001805
DG,0.22245417054181393,0.33282889536499,0.8584674902252856,0.37347246300367537,0.004821316865211367,-0.16113673992704325,0.20225319099360983,,-0.0035660123131876116,-0.06388250396843567,0.05675047934206045,0.38209166693756946,0.0419747590825954
HIG,0.07611923815439603,0.3732921282241015,1.0091058115487253,0.18453236622275723,0.05372608894064945,0.07352335328555748,0.0963466432783946,,0.03789717822526864,0.01375332094483086,0.062041035505706416,0.38182591228584445,-0.12276526212685712
VZ,0.16386959651713215,-0.14982175838258516,0.5383677476749994,0.2223077235671343,-0.04718400967338987,0.20046104823200306,0.1904389710921457,,0.030953227664807684,-0.040372616926900924,0.10227907225651629,0.38143113841732196,-0.02501873097914087
VRSN,0.060836937624547775,0.22595468278144015,0.4588633734652064,0.2778098878182852,0.1471806626194152,0.10372141108822097,0.03830302371602068,,0.10461707016159118,0.13773753904289188,0.07149660128029048,0.3813489532353039,0.08194107081473256
PNW,0.12220875608086142,-0.03809178891645098,0.7025662067386037,0.1579559438248246,0.030915604470770797,0.13347583309873,0.13278359668420325,,0.08759790376588715,0.03796080443246208,0.13723500309931222,0.3812440776691273,-0.13741089325568823
CROX,-0.08418415362927686,1.1972823967179853,0.5030422172328882,0.5345976840207218,0.36027239182640214,0.27538850767447554,0.27785159561169404,,0.20432919198289756,0.1966606378393963,0.21199774612639882,0.38118878463654665,-0.08180600019062467
TKO,0.07612777082790587,0.6846569001951824,0.8833261987147298,0.3147769101785333,-0.07322290857129066,-0.10446241320225014,-0.018029554788226987,,-0.056305280225143806,-0.07984184285893256,-0.032768717591355044,0.3809870392313015,0.25140307011092955
SBAC,-0.033892178176144636,0.14373495703180528,0.026462970404454177,0.3211640865979882,0.21914440735323115,0.1701660334806796,0.1617578936037256,,0.14093952255603626,0.1544100453472274,0.12746899976484508,0.3809422877509773,0.3454855685696072
WSM,-0.056377806086406926,1.5153707160290657,1.1405475251575172,0.34241797544198604,0.08355066593605276,-0.047092469297161266,0.056600411479722945,,0.032962571600223284,0.025784487287273637,0.04014065591317294,0.38071443906138314,0.04069797562460331
REGN,0.09055557885559748,0.7998910502069522,0.8294394727441285,0.39359594459485503,0.008667973242695748,0.012875861346989037,0.3053243174993665,,0.04767072746912447,-0.019105154388927546,0.11444660932717649,0.3806931978020655,-0.021606426683433377
FUL,-0.1292737525857553,1.1417275383562515,0.6152487637039211,0.3371823913707767,0.23784824686991435,0.018395706731831885,0.09636193448548114,,0.06443304342216812,0.05251637798144802,0.07634970886288821,0.3793892869882792,0.3300279628566283
EQT,0.15307338401872264,0.22837293139596065,0.6709089690429346,0.3285489426359128,-0.07934510200261391,0.17477656519312346,0.060941915673069724,,0.0038861418267897747,-0.04001964443533964,0.04779192808891919,0.3791452246761414,-0.060162212623759204
GD,0.03976516938510989,0.5270280066397538,1.0044817193834137,0.19432835197267412,-0.043887109528669366,-0.07989861438941936,0.021660549742524182,,-0.015397362942235775,-0.036514306389627674,0.005719580505156124,0.3788042295558815,0.09071221069039992
BA,0.04447249449589695,0.98823781657483,1.099977178557626,0.30539654664993615,0.08442156864851147,-0.09832889347789897,0.043831798517816045,,0.017174726461611525,0.016184917857149293,0.018164535066073757,0.37876985963757676,-0.02391120985511319
ARRY,0.312656719466608,2.2933927366527995,1.1120252838991302,0.8894017152435539,0.1413993835732934,-0.2082912384333241,-0.2390670599870417,,-0.06246307161027874,-0.057421455344946595,-0.06750468787561088,0.3781382034217477,-0.145166248667133
PHM,0.00550791207584063,1.0843326354707306,0.9382725199640204,0.34670682006907416,0.08071401435301029,-0.045684798985779373,0.019096749836116977,,0.00876071551769707,-0.00048058419308497844,0.018002015228479117,0.37738538224951407,0.08114674974221714
CRH,-0.05421760751460645,1.3815196601657123,1.1517848029912652,0.3066788646320301,0.14856244574228739,-0.04159317902224258,-0.009425387129794682,,0.033078900794194066,0.03659505093570657,0.02956275065268156,0.37733650712278366,-0.027160469275989696
DGX,0.12930685131034195,0.17427759185427089,0.7822291767195794,0.2310138751750297,0.003281648063203857,0.02948949260019984,0.05025539761661846,,0.020394813300609663,-0.021553771964907743,0.06234339856612707,0.37711565983417006,-0.057886824121302305
CVS,0.16753513182535415,0.12902601290438023,0.6765406563218251,0.30388154510110155,0.05861416879560766,-0.042084546894892716,-0.02599311899066503,,0.029072339940729337,0.016468673667467584,0.04167600621399109,0.37705273471764156,-0.0054276192549985725
ABBV,0.0990682047069604,0.39939903425081985,0.8615954561918433,0.25169729703055277,0.008489798860208397,-0.02284086837874122,-0.0637466308940755,,-0.033395871075253485,-0.04148878404213912,-0.025302958108367853,0.3762808209755561,0.05795715323792039
CHEF,0.06776380208563249,0.5770412539800452,0.6778612534745255,0.35102773753687627,0.08203185457117801,0.019674617862497357,0.11276412505293276,,0.03822784820848725,0.024860093553996095,0.05159560286297841,0.37589050068755414,0.03765260070680476
FFIV,-0.0953427708954891,1.052472462009246,0.6820023566502357,0.3153338291098554,0.10159454879513974,0.1346034752994616,-0.060105834868668384,,0.08368050985319264,0.08586305099449408,0.0814979687118912,0.3753792022745308,0.06068514978614381
CCEP,0.07731065061843097,0.10650709307890341,0.5072921816985344,0.21431895526996864,0.028309754047318947,0.107126909646303,0.13050229816493397,,0.03327926144423312,-0.0015804615952236401,0.06813898448368988,0.3750289620467,0.06391764598521643
CRSP,0.021340418867635616,1.8525167280691668,0.9222467011812701,0.6155567971321262,0.21597826270410603,0.06972888134721988,-0.19256471839492528,,0.07098676140922987,0.11651927533728854,0.025454247481171206,0.3747357265595778,-0.1737329187147102
CME,0.1841007748382016,-0.2671869322216149,0.5448889561668144,0.19325126455005107,-0.06879249083805772,0.08047426757712306,0.1034278943205813,,-0.0016796130357072496,-0.0506790521001759,0.0473198260287614,0.37414780497057754,-0.021106505658383012
SBUX,-0.05087283278070441,0.972330628886075,0.7991851013244158,0.2951662455597704,0.07921428931361163,0.07895470336236543,0.22341296861429294,,0.0828300865182939,0.04150980755439597,0.12415036548219183,0.3741089820992917,-0.04607442708317133
LH,0.06033114383711975,0.586408380117234,0.9751730316644711,0.23921708522601579,0.018206426439077328,0.009183140795719469,-0.037717882429548655,,0.0017872582661972482,-0.009777593903309817,0.013352110435704313,0.37397046228827235,-0.09158629590148637
WST,0.046337214140939734,0.9115556882374742,0.7914715194392878,0.3982182715067771,0.14531385349928105,-0.019431674784332387,0.042776387474107835,,0.08669853444523877,0.10209246087348052,0.07130460801699702,0.37386747752791294,-0.10258236748435057
EXPD,0.11810551513109685,0.7874457265312782,1.1654639575647516,0.3006043223133583,0.018531378959034672,-0.10051289696636534,0.2618335294466725,,0.04474973552436174,0.004304965063229667,0.08519450598549382,0.3737729148590872,-0.2876496421578959
PEP,0.12971703968728543,-0.038041985475544556,0.5464229980838599,0.21686034559640957,0.026898561048624536,0.08534240759518874,0.06267919043102821,,0.03144770695474654,-0.011480335381418225,0.0743757492909113,0.3734051727834206,-0.03261006610270234
RCL,-0.018596143540156124,1.6749263809095687,1.0633166134604806,0.4470754038245602,0.059216468622840246,0.031968988670040055,-0.07449540082652917,,-0.03674151266583505,-0.022326542871346364,-0.051156482460323734,0.37333842963269226,-0.0008152195368447135
ALL,0.09026018270810768,0.1721565171101517,0.6092521753962467,0.23148635493248468,0.05763772628370023,0.11144305415073896,0.08910608078363724,,0.05129933681783805,0.036686674959284654,0.06591199867639144,0.3716783710506434,-0.10678061118064242
MGM,-0.06813277823381643,1.273566630196615,0.8307156067192636,0.3701323999879152,0.06103935347539702,0.08980514879635693,0.1995648849566931,,0.07095973611178387,0.055640667721705984,0.08627880450186175,0.37132759536111354,-0.07375311607256585
FATE,-0.16264930065293365,2.0395725424658693,0.4960491165067728,0.8847371355428296,0.31132081200873984,0.3238095703038524,-0.09150326033517209,,0.14160666243667835,0.09604162310879354,0.1871717017645632,0.3711709652410789,-0.05475030027886307
LYV,0.007540354341175837,0.7711914734930808,0.7673052962900515,0.3062464789614995,0.0005751667232600788,0.07431552973694489,0.00856794348812051,,0.016619650840615428,0.0005342454284062687,0.032705056252824584,0.37108637708330483,-0.017882507552944737
RUN,0.48887935748627503,2.7708534240894864,1.1322878769098759,1.1534833946317407,-0.03049259925613368,-0.3209200732146107,-0.417566975796294,,-0.19829337144605705,-0.16046042068352204,-0.23612632220859206,0.3705106219299186,-0.15897137270379436
BIDU,0.08439480811588931,1.3383862945130576,1.0260769713477547,0.4669428769082417,0.03495523435487358,-0.15575634266216687,0.037423880192778425,,0.04000184293627929,0.022093330076142687,0.057910355796415895,0.3703218359635202,-0.16454113780484114
F,0.048888152745973114,1.0355813554547668,1.168640540414234,0.3031793818733515,0.09160304726042678,-0.05797350115872324,0.11903419175713115,,0.03200413673854606,0.019186753138835194,0.04482152033825693,0.36963637259182813,-0.2756784627640205
VNOM,0.0700067415466654,0.397526055501775,0.6228472274691421,0.3006313369574796,-0.036911283120458216,0.23084052716661252,0.2673709333148184,,0.08057716511240062,0.003533223682924555,0.1576211065418767,0.3690616676636339,-0.2744316347996072
DVA,0.08909220538498341,0.07676469187247269,0.31509153215469454,0.35460199670317544,-0.006181537039754104,0.39748685544084505,0.173888917953249,,0.051410254971123386,-0.01417647350774813,0.1169969834499949,0.36827454491249645,-0.1849438314162971
ITW,-0.04134525637075886,0.7345228302959061,0.8509839810732621,0.20597850597190603,0.05078564383502271,0.04617128077711996,0.11329400235676279,,0.022720750334228282,-0.01079552300299717,0.05623702367145374,0.367981828931544,-0.04951405171123635
LOVE,-0.4054951042247317,1.34111946154846,-0.017099843729901955,0.5827245176021697,0.649532704033053,0.10381487624599406,0.17666664123535192,,0.24263748886889594,0.3366351461297904,0.14863983160800148,0.3677488285335431,0.48125560419853364
UAL,-0.13707309339192955,2.1985980997127936,1.0638441472172002,0.4806625181015612,0.1004215836234319,-0.12256502329556374,-0.02162421849118945,,0.01812386499357293,0.022084279986618528,0.014163450000527326,0.36761230768134856,0.06347188137171433
YUM,0.06581573686780974,0.24426115185664374,0.6553605379888789,0.210349299206172,0.023192878950717644,0.015462654642727669,0.13704736373551185,,0.04900781867018694,0.016922212123350405,0.08109342521702348,0.3668228368403153,-0.10819573025450147
WYNN,0.031088250903538374,1.2574965122378228,1.1190548995054443,0.35919265411272056,0.07449320498152456,-0.06766503110008615,-0.07126937068324624,,-0.009840273596956738,0.03316812145929306,-0.05284866865320653,0.3663871126750278,-0.18751619160409538
COR,0.10628481652880813,0.118905909783061,0.5613442160017749,0.25181202917532414,0.007319038490739782,-0.07662646779892379,0.02831695522362976,,-0.020752073113333633,-0.04384952166722743,0.0023453754405601645,0.3660833293279928,0.08799753910952446
AXP,-0.05608870507640098,1.2465066574332377,1.1581733395518283,0.2689909550916441,0.13026451689924,-0.068924073166026,0.008521588745495023,,0.019310562875662293,0.046077529138477576,-0.007456403387152991,0.3660355431192933,-0.16307826018251492
DTE,0.07122043553392698,0.10919367913465866,0.6656329568819656,0.1553776109456313,-0.00020405945458035202,0.10046660104411065,0.04924472204082586,,0.04484999149978246,0.012774060040043701,0.0769259229595212,0.36584220223027075,-0.1909367106360339
CEG,0.07068808972301893,1.4349957012948966,1.0772970732152627,0.4584670509774274,-0.06623166787962886,-0.130694795986809,-0.26489097657577865,,-0.04857213556642067,-0.0023243215066725536,-0.09481994962616878,0.3656418325822618,-0.10321051523018632
HSY,0.16970537400270624,-0.026181206018251694,0.601047935832146,0.269502403448677,-0.09444338201675151,-0.03568475151783412,0.01977363387313713,,-0.05014053912573986,-0.11220709228317469,0.011926014031694963,0.36545461677631,0.00015508864693125624
AR,0.07302880024039753,0.2987746339247971,0.4110290257500834,0.39205289757571443,-0.1161445709596195,0.15418500669162571,0.14125703179041138,,0.005983190212449797,-0.04350637329707943,0.055472753721979025,0.3651894011161251,-0.010074314423278219
MTD,-0.06551231541066294,1.3040584363119845,1.0715844935494927,0.29777217145060625,0.125081753114608,-0.10425563829191264,0.02805211353886916,,0.019402008422597233,0.03217496066218643,0.0066290561830080336,0.3647379404687992,-0.09257040506359748
VST,0.02934917386299738,1.618699039673053,1.035304095654812,0.489465013701079,-0.037838038347388525,-0.0915584806554165,-0.22261699878986063,,-0.03475083811784392,0.017981940412737395,-0.08748361664842523,0.3645721592385352,-0.09726720322362847
UNP,-0.035101219906027936,0.6040788763172379,0.7219190285475099,0.19816234843413838,0.061588500715822114,0.09519077774483242,0.12497434262963658,,0.041457829243695496,-0.00144180041927,0.08435745890666099,0.36453851293338013,-0.10340258362567445
HESM,0.014492670472307637,0.27721736552603354,0.40595663473398397,0.2370972411715877,-0.040293973377550474,0.10889889927682606,0.20834120442274195,,0.0205780143953399,-0.015258703814691512,0.05641473260537131,0.3644998707621946,0.06044176706827309
FTV,-0.04157747916612858,0.8772437491879251,0.8146870930292099,0.2665370006092566,0.10357403882880445,0.09144708269092172,0.25086808046829856,,0.10313830846033348,0.0563416719656684,0.14993494495499857,0.364384042700934,-0.2704822719924488
GWW,-0.10749134464351655,0.9114602734408019,0.6590702726141783,0.24477165495146422,0.11198867982272764,0.09577591375869332,0.2191174135188778,,0.08667401993426221,0.039132551864126765,0.13421548800439767,0.36434816256058583,-0.06342872024265445
SYY,-0.04706170695805775,0.428160258739671,0.2957262576817515,0.2678617749202265,-0.06865861778520665,-0.02949004948921996,-0.03343414880061257,,-0.04753664059024666,-0.07173100649154031,-0.023342274688953012,0.3639454978761239,0.4279295633089246
PLTR,0.0011588091625967002,1.9424545199700025,1.0798871694794125,0.5315727410889052,-0.041762156865780886,-0.17326484817044496,-0.1850016514356273,,-0.0440657244887271,0.02050063412030464,-0.10863208309775885,0.3637673906115739,-0.0253499291768704
NU,-0.025105502059228665,1.3816991475464726,1.015970262912149,0.3763821743008915,0.09806727697725748,-0.07645998862710368,0.01054017418942621,,0.0021914794945995845,0.0063899958199026136,-0.0020070368307034446,0.36325020387616297,-0.11966810267439976
ECL,-0.03480005503696351,0.6296802310653905,0.7668199005400059,0.1967982736246905,0.04949584340183821,-0.007898124484649438,0.009532129328783556,,-0.0062796557018412105,-0.02347739603772958,0.01091808463404716,0.3626579771733308,0.004359900099978109
DDOG,0.02208578919877488,1.4543964510642624,0.8239235964022692,0.5474108199844312,-0.03542582729760979,0.047575707189823735,-0.20878641901060813,,-0.013205616720555698,0.06012866749021451,-0.08653990093132591,0.3625776467193684,-0.13081702542278772
ORCL,0.010564481407683873,1.6364038006104995,0.8008377855235257,0.6158326180030365,0.14893018711585881,-0.07468311612518308,-0.4198807999875409,,-0.011871336454793727,0.1584226566423135,-0.18216532955190096,0.3625727846270489,-0.01568177689109429
AFL,0.0057752527274604025,0.22684280518823743,0.41538836644441707,0.17496163448307753,0.06115639905579928,0.05034625946224591,0.053902687196932364,,0.044015567679625806,0.028002497471678697,0.06002863788757291,0.36238776750379226,0.02964237824109084
ACGL,0.031403922597053074,0.0774166403366537,0.2564512918036506,0.21148686613738382,0.05082366158842766,0.07312506837427324,0.08953887094330004,,0.031050853014128518,0.007532457709722225,0.05456924831853481,0.36207691948182236,0.09969291249510936
VMC,-0.032040810756402485,0.8174006232881259,0.8287973305184192,0.25221081038615484,0.1312728148082576,-0.03131264733619765,-0.03410772094156822,,0.008007272816934155,0.009100597605259097,0.0069139480286092144,0.3620610022178197,-0.057426212436121116
CMS,0.062160905690884526,0.01562880645392803,0.41911727947838934,0.15931159549125004,0.0034847267858597597,0.0989313970170218,0.0479905810043173,,0.042810046923851014,0.01359705579947855,0.07202303804822348,0.362048399544087,-0.08172548288061288
HYLN,0.006071653789809613,2.3032683157417124,0.7614649393474879,0.9000607328741046,0.04712043714733816,-0.10313902112388496,-0.1999999999999985,,0.04413234608084759,0.031991749398313826,0.05627294276338135,0.3618722066924661,-0.08289895171982176
OKE,0.010458617872023976,0.15380944118512208,0.21892268020193706,0.2549803249342937,-0.031094097102476126,0.15410820028961814,0.2474686951068139,,0.034344121842914965,-0.03384043002164661,0.10252867370747655,0.3618211368046306,0.07996591105314321
IIPR,-0.06395136728460249,0.8925209797571352,0.5295745062750689,0.37629457567454994,0.027244220100936856,0.08243758098546738,0.02453542515822682,,0.07999844488761966,0.06885362249393667,0.09114326728130265,0.36178607433831095,-0.05578562963726297
EXEL,0.03248491882113798,0.8282552144657092,0.6367011906704106,0.43467591704157005,0.08797870130355157,-0.012103856815199654,0.12140896224221387,,0.06049156443644886,0.04357487551321711,0.07740825335968061,0.3616244538648806,-0.1397219562559121
WEC,0.07934816384003061,-0.020829952238059963,0.4922103337757012,0.14872681537896393,0.0001726739121656884,0.08031196735073842,0.004330494963968867,,0.03168922402762613,0.006229891602088928,0.057148556453163336,0.3615408523212154,-0.12206575427236743
APD,-0.007389713480071427,0.47132674720590295,0.528469497106981,0.24905252171174713,0.043421223636155304,0.10399133989514442,0.14907335371904606,,0.05193553134573442,0.02588631348077306,0.07798474921069579,0.36135127115833665,-0.09496719007165422
FAST,-0.06778423865190063,0.6799675585520859,0.5327316955930997,0.24919800291172312,0.015527881983358416,0.057506985821630385,0.09546823398696302,,0.011704515805795727,-0.004245793107508366,0.02765482471909982,0.361241326820128,0.08681227356812093
WFC,-0.07407903522130481,1.0919522442440206,0.9354686581965421,0.26507114994546155,0.0685129420322248,-0.08037179945388961,-0.048805856260609404,,-0.02220703036518475,-0.01458091613847164,-0.02983314459189786,0.36087616939414185,0.0032321305387916777
UPS,-0.09935026979105896,0.8583021536376586,0.5635059465632337,0.27290767924503967,0.09913265661452142,-0.00640428315813979,0.30575010765582,,0.06353124301109964,0.008343326900651217,0.11871915912154805,0.360226701575439,0.038575777492672714
DHI,-0.009008925280196665,0.8716907536287093,0.6526081779608143,0.38012868261646954,0.09151182192053753,-0.06684905248274609,-0.02923416769737197,,-0.004120162294396603,0.00883104216808062,-0.017071366756873825,0.36015494986423735,0.041980744940308234
DIS,-0.0424364849943313,0.9240315202142612,0.8920778006874734,0.2579193929921231,0.06910081344909869,-0.06278108206217181,-0.0420808336173073,,0.005656564531575821,0.046004935395782404,-0.03469180633263076,0.36012108203145093,-0.08739220189917407
HBAN,-0.08072588250891681,1.1110923251590599,0.9410791011213813,0.2624261948752613,0.11515557672587717,-0.05173092256188949,0.05930772253863292,,0.02146148811369368,0.024781923047201896,0.018141053180185468,0.36007050887713665,-0.10897764085825701
LIN,0.0012405275161685352,0.26474183800194884,0.4822430370426658,0.16448076032277614,0.007491257357679748,0.12236016243869519,0.09809555288604632,,0.040655530698596405,0.005471702404404144,0.07583935899278867,0.3597327479650474,-0.09468168849613146
AIZ,0.04513559822337482,0.5616557993503735,0.847953753776877,0.24857762735071223,0.07383304079528141,-0.036911632283677664,0.06851651200900721,,0.03773171196659368,0.02581066697937099,0.049652756953816365,0.3591315320220543,-0.26536663385826775
IDXX,0.004772197508666497,1.3560602891374334,0.9631813033366516,0.42017970686318895,0.02101816777349641,-0.1725411390772248,-0.07807247517483518,,-0.05086333102009216,-0.022939406548739445,-0.07878725549144487,0.3590491056043294,-0.02012439400788768
NTAP,-0.13730281375992273,1.3570742164028147,0.8669029601843795,0.30330183620976475,0.04262596782422112,-0.030761895329588507,-0.13083006597935176,,0.0048160037274129815,0.03920460782057158,-0.029572600365745615,0.3587011092350705,0.0026423025816908474
MLM,-0.022416769495858527,0.8689244929632561,0.9703175475431778,0.241005021444311,0.09525996310936691,-0.028327052353112836,-0.024321649106323284,,-0.0004219686531833854,-0.008532130736557824,0.007688193430191053,0.3585799855211029,-0.19922830523545443
DUK,0.12722445027107476,-0.23429749381122028,0.38744438358556055,0.1500191991582201,-0.02080306860958414,0.08595812422951132,0.012223176201764385,,0.02129307220533023,-0.008322621399402189,0.05090876581006265,0.35804849136405104,-0.1568120677002478
DLTR,0.07501905515902708,0.7765519189358087,0.8246914178247201,0.3686762984170046,-0.014512955526996052,-0.2498406963479507,0.10378242115020342,,-0.06386610574858638,-0.07735802972414299,-0.05037418177302977,0.3577344602599485,0.038228220177451755
PPG,-0.1463736036957106,1.0380365110084817,0.5664642013799672,0.2820479181786291,0.13961103259821273,0.04942363893893997,0.16882748123182467,,0.043111703432555076,0.015428669610167624,0.07079473725494254,0.35758683090734006,0.05177605127392204
PSKY,0.12229922971736304,0.4535834205544966,0.38460023051276054,0.6658150999863784,0.304444419013129,-0.002476491883374954,-0.3203719660907056,,-0.00247871771401241,0.12364251827153769,-0.1285999536995625,0.35689958266854455,-0.05750469918059142
SOFI,-0.048770526413572414,2.5315550168671836,1.2992357492739721,0.5371235577495249,0.1309662374873266,-0.2651285963422042,-0.30681413381367095,,-0.05422205084142367,0.07779184025413387,-0.1862359419369812,0.3567703644493009,-0.1248798657170378
TROW,-0.16490662538338685,1.177047677421061,0.736757107494518,0.2473474524844455,0.10821621517001878,-0.08288932909328739,-0.05751088102309998,,0.021985044893548036,0.06358784102613348,-0.019617751239037407,0.3566425512460287,0.09049975409340538
PPL,0.063837807529802,0.10254480651763208,0.5678822562168527,0.16566974247264815,0.025492805260251883,0.10088100753364371,0.04378625852622697,,0.05737911939824926,0.03113021294036645,0.08362802585613208,0.3566273024631254,-0.2922006306394973
FROG,0.1718134788289626,1.250826671109038,0.8652167545208631,0.6249467742476383,0.005698655256139107,-0.23944147201418753,-0.053422047755001145,,-0.06494942707638762,-0.009116065746632393,-0.12078278840614284,0.35652708087504315,-0.1329230825026423
TSN,-0.014682957478667167,0.3017005827539389,0.32233193392963877,0.23049624477707886,0.058804286219184876,0.08131560245055014,0.24830659012737155,,0.0829208287727143,0.0295449784370035,0.1362966791084251,0.35639176369661985,-0.07934837971660702
HSIC,-0.008889754645741845,0.7417097613996388,0.7718726765914558,0.2718835992740996,0.0780907941738227,0.00960553256162533,0.24632413962141664,,0.05628769983791837,0.023726373725975504,0.08884902594986123,0.356378676541092,-0.2636094043162397
FSLR,0.15584217938525613,1.4594648224107591,0.9427982077525903,0.6218466156192,-0.03725795059981418,-0.2183549379474452,-0.22078556793226778,,-0.10417680359824835,-0.07170543271912624,-0.13664817447737046,0.35609942259254185,-0.10854058927081245
PSA,-0.0582013887583642,0.4928733237375533,0.3966401747326843,0.2197448229000805,0.11394504593137977,0.06599183272573894,0.04921336342469962,,0.0851354568153671,0.0652902167828768,0.1049806968478574,0.35594091834378483,-0.07140592270884183
SCHW,-0.026582655167273945,0.7587399726058416,0.8593825019503212,0.22945459980020635,-0.010720411804100327,-0.09895268253858058,-0.015641641629747904,,-0.03199410022139584,-0.030445563314939816,-0.033542637127851854,0.35568489124862823,-0.059548887494777825
MMLP,0.020126666565158755,0.4141636744997857,0.2738154817938355,0.5195987471372765,0.04850741521795454,-0.0052650253503101485,-0.08723571371372896,,0.0016427493788538031,0.019408651067758458,-0.01612315231005085,0.35551902639710453,0.11145131659522356
ABNB,-0.1659422003469905,1.355957266204184,0.7750150598610892,0.30188375406137163,0.07946311127081374,0.0674962031393509,0.13914373586257933,,0.10178227180249129,0.09855742610266442,0.10500711750231816,0.35464929791300753,-0.22555443358058735
HALO,0.06837446875067961,0.5710080723543327,0.5516952822046292,0.4291851609288761,0.08860957194722618,-0.0352269394325716,0.04415310847237652,,0.014347160865468705,0.009628559239883688,0.019065762491053722,0.3544612717631347,-0.1412257207700205
MDB,0.2300800058631061,1.6880554420921148,1.064503612721453,0.6838219642641934,-0.01914190503932145,-0.3232785287203179,-0.17131794981551596,,-0.11811792978976421,-0.07394513198869654,-0.16229072759083188,0.3541808138664789,-0.20488744962072547
PFGC,0.02495970633953068,0.6136667124804053,0.736641778767636,0.2795738737899933,0.10507031468524541,-0.034489843702976586,-0.09696736359620473,,0.009770595019386626,0.0420102876055499,-0.02246909756677665,0.35358972633188346,-0.20772366042498036
TNDM,0.03521309928343512,1.4337243928998187,0.6001825912622913,0.7631932130067172,-0.13584904483420834,-0.021831945473908765,0.3972881769729859,,0.054205395837355064,-0.04778182647254425,0.15619261814725438,0.35358845935538175,-0.22964440403387387
PKG,-0.06595769020261531,0.7863043282250386,0.6429534559648881,0.2580959299124486,0.018957125658555007,-0.032963083846538566,0.030097252359896354,,-0.004330897620179531,-0.03228441646595178,0.023622621225592718,0.35339987828249775,-0.012850031602460676
AFRM,-0.1961212966970001,2.777318323518883,0.9651429401802658,0.6454808390318367,0.45204868660019293,-0.10179637664837815,-0.1171639453139679,,0.1213728052113022,0.29145676307109564,-0.04871115264849125,0.3530845712466014,-0.24529502411046689
T,0.08615076942448756,-0.22024748627971924,0.09757952283833828,0.21719847661027933,-0.022712316586399495,0.12884355642116274,0.03956702941517176,,-0.014316278285127083,-0.03952039213914916,0.010887835568894992,0.3527294805454817,0.02682968525561713
URI,-0.038398174692295756,1.3471321936088265,0.9963971344561304,0.3602035053991378,0.0976837692175967,-0.13882023304584645,-0.21606140770832039,,-0.03726810639806138,-0.0022493269269344405,-0.07228688586918831,0.35266199869756254,-0.1392338568465289
TPL,-0.09375563370170299,0.5818865093848399,0.16748725858840965,0.4648571922317683,-0.20279962845563748,0.2783711010288923,0.3720489693160485,,0.043500682859115805,-0.11139292918762883,0.19839429490586044,0.3509852206016035,-0.038505448540823495
XYZ,-0.1614963709687195,1.8833376015539254,0.7651850341811455,0.5148405758461109,0.23201939744535416,0.0976587206731927,-0.06396946398114844,,0.12218237153152994,0.1973412215328908,0.0470235215301691,0.350770755034148,-0.34780823667166916
ALNY,0.10982360714977642,0.6780358618780323,0.8042864342338032,0.38517846408550893,-0.016327777414780753,-0.13806158424332804,-0.3415271846039345,,-0.1278450782695154,-0.0423853982440317,-0.2133047582949991,0.3505520478141749,-0.06657189855710699
BABA,-0.04845570993032728,1.2016563624099015,0.7106858712887665,0.43049067848746986,0.048947423860420614,-0.17504241181181857,-0.15008142128659374,,-0.010934227450116633,0.019018852591598176,-0.04088730749183144,0.34974449033321386,-0.01928689843689424
NDAQ,-0.02287029647200262,0.8153470852029304,0.9136755861196469,0.23815512069421535,0.037102037434037394,-0.11401767694278331,-0.005163785405465249,,0.013427042895865075,0.042729527610913254,-0.015875441819183104,0.34957156127032124,-0.2713139500462356
BLK,-0.16064811519415856,1.2617720581764358,0.8365804703441032,0.2527920615663013,0.08657353254763978,-0.08529167333045362,-0.11595210890270558,,0.00977092187460752,0.04004305324250858,-0.020501209493293537,0.34928383569363214,-0.06940634796238243
LOW,-0.08776606039774498,0.8715863326731529,0.6740134862745791,0.25116286077141065,0.08927260032774464,-0.08721536624710369,0.05201695142453011,,0.0066027413350198735,-0.005637827748880292,0.01884331041892004,0.34925034099487245,-0.052528084274656384
EW,-0.06409518237527961,0.6680051938012367,0.5789988199825287,0.22956302747338608,-0.019610249783475142,-0.04142502175989338,0.11051690010786541,,-0.0007077562239960053,-0.0036243298623085444,0.002208817414316534,0.3487984057634188,-0.049602751571517056
HUN,-0.2507640090159702,1.5772152124882517,0.37642552602932866,0.5695610116158882,0.11622076412117699,0.11555326293486012,0.6155947097415306,,0.15991455393393866,0.05632844419593233,0.26350066367194497,0.3486226713875644,-0.11342800412007081
KO,0.054270241588832265,-0.0851659833519732,0.1859904029532869,0.15674251590999458,-0.003027554998523696,0.08202013565534383,0.14484831158569067,,0.02489203413576865,-0.019815264835598735,0.06959933310713604,0.3477964138673824,-0.10781096230142861
ACIC,0.02096617770946509,0.41729901538758063,0.4861493941108371,0.29628420153479296,0.056787876100533374,0.05866665310329866,0.04384947819813112,,0.06887773344533504,0.052380429295279904,0.08537503759539017,0.3472711963388488,-0.3282830814473211
CBRE,-0.05681374543324236,1.102012021103437,0.8864506094252143,0.30255259200012663,0.13143148654626358,-0.11309493131847925,-0.03386055713162073,,0.023331298936970668,0.06288640582690998,-0.016223807952968645,0.3469860307423061,-0.27273973954452535
SO,0.08418486684954815,-0.15101560083356771,0.2501285904236121,0.15850440712662772,-0.021027540501818542,0.07290340165466946,-0.0369436267989246,,0.011768224417934271,-0.00848414015489532,0.03202058899076386,0.3452247686529904,-0.19455813993658155
OMC,-0.04902329070037395,0.6201073720920701,0.38779420875795895,0.3451890505718891,0.03404306355883202,-0.017133433175893442,0.01173915359920552,,0.034684285466635364,0.024005876289101412,0.045362694644169324,0.34497129165722057,-0.09577765673584682
NXPI,-0.22908511320190342,1.694240373557457,0.7182540950163042,0.37673287144238715,0.1269455049274315,-0.0898946314311434,0.004101657677364923,,0.008512917217323165,0.023507959865536388,-0.00648212543089006,0.3448633391171816,0.025066471552788627
MSFT,-0.1329076192344126,0.9605409239424443,0.6169488540644075,0.2437488802339769,0.07912401879550601,-0.07205581818165985,-0.17311389728419424,,-0.0115163411562021,0.07826408677172689,-0.10129676908413109,0.3448423414928631,-0.007349968940483564
TMDX,-0.06758516527243597,1.5173919248006054,0.685377571067957,0.5543407571810536,0.023496190121197635,-0.1936112410198383,0.028949490441000814,,-0.057791104646708995,-0.05512438668060902,-0.06045782261280897,0.3444688182979088,0.03909732540861821
EXR,-0.07750201262642394,0.5191849211692238,0.30635607006010784,0.24683358667163058,0.06592363287421588,-0.000577539352933476,-0.0023594481551326707,,0.04833304627348915,0.03831035280473962,0.05835573974223868,0.34385505827231333,-0.06536035399522733
TMO,-0.08042199711069048,1.0217636683057643,0.7306037873482224,0.30238328829599237,0.13322854552339436,-0.1561345198303875,-0.0006687833609859695,,0.02696727025790227,0.04693444723994318,0.0070000932758613596,0.3437940976543377,-0.17277191040744355
MSI,-0.019131103617065673,0.23917381429745133,0.24189958233503772,0.21251546729973192,-0.051686932000898134,0.12343513266556272,0.012901105905996246,,0.006771656441797986,-0.021321099082029036,0.03486441196562501,0.34368734209958174,-0.11191226459109394
RPM,-0.19936111481852234,0.9895949382586386,0.33037261226389253,0.2799743957277381,0.11646701298592443,-0.013020394927179435,-0.018812224878472894,,0.012916412392648912,0.03264645763126534,-0.0068136328459675165,0.3434432328277318,0.1422727909228787
GEHC,-0.18445134451271641,1.3378151919887429,0.6858141429326261,0.30635814331174205,0.06329284473197849,-0.09469973242035734,0.02103059877363722,,-0.020323657047020008,-0.013274034027943298,-0.02737328006609672,0.34190799861273974,0.0007296663274107829
ED,0.10303793454895632,-0.388967273235677,-0.06750429769690505,0.17300400273734592,-0.02977184259456145,0.0822320052531531,0.09433903771016272,,0.03277775747662965,-0.014061125591847561,0.07961664054510686,0.34122212394699075,-0.1312412280818709
TECH,-0.1296538977702281,1.317186614566244,0.6381543407066017,0.40557319746611853,0.16571536983605362,-0.15223425100977594,-0.0031940339000807727,,0.03997508240037185,0.056625151438449775,0.023325013362293926,0.340988797159764,-0.12606314859792445
LLY,-0.028357726246740402,0.6347149729679012,0.4074847797278801,0.3897962429941326,0.009781647648070546,-0.1010607256874122,0.1250601105233633,,-0.010617447210391802,-0.04738376497443939,0.02614887055365579,0.3408852464487479,-0.05161980509662256
COST,-0.03443867857053513,0.16208735807500738,0.07298222141329526,0.18312747854697933,0.020379247373825793,0.04651793285373684,0.0499299019075341,,0.030148302979331312,0.005021453973307392,0.05527515198535523,0.34050656983621236,-0.02703665564084956
PCG,-0.11460389324994828,0.45846296336750514,0.07419433346297663,0.27776542521272396,-0.0473576133395881,0.09692731144099764,0.040977481406291094,,0.026635920919700667,-0.03319702836845969,0.08646887020786102,0.34025572481203603,0.03855730568771332
MMM,-0.11895095875359876,1.1125129567715433,0.7650569017189373,0.27338843902028837,0.06527433899353641,-0.09267400153362093,0.01590254402189184,,-0.012257012093819079,-0.006328343235985372,-0.018185680951652787,0.34013400602216626,-0.17576704935351772
EG,-0.09881526431725438,0.38348628364802323,0.0594449381878542,0.24030135514939474,0.09888703286235523,0.10110043849472694,0.014730995440610517,,0.0639635632785798,0.06504319810315742,0.06288392845400219,0.3391333819529423,-0.06421119681406262
SWK,-0.2172565302811875,1.8009833119148142,0.7765409728265175,0.40422818390938653,0.02470545135669422,-0.14535891233899145,0.07765268946530535,,-0.04889143650478106,-0.07421904393431455,-0.023563829075247563,0.3388603222300303,0.028034121354588937
IFF,-0.14317399936248457,0.6777922012610903,0.19643281622580444,0.28877224397006673,0.11737856170811245,0.07762421169741152,0.240073745522837,,0.06628161097880922,0.02189420207804969,0.11066901987956876,0.3387856740602965,-0.08684865433742905
EXC,0.04111745812105513,-0.0839287428452743,0.0903710700572572,0.18108355082715535,-0.0452791785225648,0.07412492359742084,0.000140048692480077,,0.012084210982818934,-0.020734242481601283,0.04490266444723915,0.338685168704293,-0.147128338714816
EL,-0.08283362059532759,1.6957512719912027,0.892385571187455,0.46760843800016516,-0.1141594986985599,-0.33904813056181904,-0.19465010890062995,,-0.16955067985960626,-0.14827887229259634,-0.1908224874266162,0.3377048708653092,0.1404334617456513
MET,-0.21246262866088322,1.0921003564451384,0.46729843601698834,0.23459492515450114,0.1381924718337988,0.009493325021257215,-0.02955761297068582,,0.04230222417476252,0.06618313232793699,0.018421316021588054,0.3375628812597801,-0.09290844116516672
PEG,-0.06460145209091152,0.2648558848658637,0.0728612249833949,0.18543960990457592,-0.031231412920213586,0.03558257230097883,-0.021669855684039785,,-0.005761541541936451,-0.014152946424161334,0.002629863340288432,0.33722035925450716,0.03480119671038806
CDNS,-0.2202972719104582,1.5334435283055,0.6217293164577667,0.37307979444236294,0.07385023839617744,-0.029850303000708234,-0.04032708138871355,,0.019783942398543367,0.07132400433335875,-0.03175611953627202,0.33707143160475345,-0.1154709911643097
SHOP,-0.20131528182525782,2.639966262736622,1.0444555888133795,0.552707690174102,0.05979793047664095,-0.16988423737880654,-0.1604251439748393,,0.006501870993078536,0.08578661948790098,-0.0727828775017439,0.33701227839343334,-0.27604128705124065
ALLE,-0.07487940533422964,0.7519767578855509,0.5768591427311087,0.25465119840440487,-0.0023503133505015095,-0.11391345593628366,-0.1828390388797354,,-0.08355584355191734,-0.05715561567933005,-0.10995607142450461,0.33638468949334827,-0.022141323808033908
DECK,-0.2718690157514346,1.4595527018294066,0.31654865459660425,0.5009991202392731,0.07614309369391181,0.09149122279127342,0.16652838191653152,,0.06428087717004849,0.04081859049497103,0.08774316384512595,0.3359902777388845,-0.05144587806654399
DRI,-0.11753432636926443,0.49712094202948676,0.11754702323409318,0.247385415390809,0.009506069719553922,-0.05464480678303174,0.08372291818179489,,0.012207559035846501,-0.009566486628465456,0.03398160470015846,0.33562720463008916,0.07917023917512678
PDD,-0.22400953853024846,1.130222531646914,0.3304981299104181,0.3307799087251218,0.04040905128571093,-0.024846437666973253,-0.1786330191914135,,-0.032357049656536505,0.025995012507157352,-0.09070911182023036,0.33555438880243477,0.142080122223619
COF,-0.24155273036704517,1.6323705692383603,0.7426734343711326,0.3229889525632021,0.1461641052529492,-0.12537446181113243,-0.032783542073879124,,0.013325784938457673,0.06387450237562782,-0.037222932498712474,0.33534729440805566,-0.1098387206931205
KSPI,-0.24111438285407924,1.0546100757473764,0.19158059760724708,0.3649494820622897,0.1874055245770534,0.09904573730006683,0.16321006111352188,,0.12842714719245057,0.16529908087729234,0.09155521350760881,0.33504465806980743,-0.15515770752422775
IR,-0.22406238651424468,1.4761566171067035,0.6522332112641883,0.32395490526136095,0.045958848330647895,-0.01719243682394689,0.11961461925262928,,0.00487659850314512,-0.024160151588088177,0.03391334859437842,0.33503657601823306,-0.14300072069711067
BMBL,-0.19567932103508243,1.4230682825084588,0.28944440922961046,0.7739658872581335,0.12698419606484457,0.16712331988391305,-0.22545450383966514,,0.08836678754112799,0.28965858530126337,-0.11292501021900739,0.334929017179332,-0.2478803834210882
ALGN,-0.27644721672876754,1.6388731498608342,0.39521411561615916,0.5235101640294512,0.10243027253058701,0.1084738203248441,0.47995030883515044,,0.12597180447592038,0.05730488430079158,0.1946387246510492,0.33490928484773297,-0.24202009908173072
NWS,-0.17846509927375187,0.6061677824807203,0.0012988991180454706,0.23817310552136123,0.09743589456958923,-0.02050583325174915,0.005029154971310623,,0.04192606969911044,0.0974718526615776,-0.013619713263356719,0.33472652581812906,0.13185273480756488
CMCSA,-0.1296402339900426,0.2938848816030267,-0.18253555300829455,0.23538443142871654,0.04916120608890395,0.05730280419846001,0.08875373914840123,,0.015466850139425403,-0.004699343817800848,0.035633044096651655,0.33427935560573163,0.17189587980511756
BSM,-0.020027967570194982,0.12418935698119973,0.08192992499791184,0.2025958940106005,-0.10711954920794242,-0.014536006303544902,0.14120958215698298,,-0.025554169847221486,-0.08013180408057796,0.02902346438613499,0.3338279082807235,-0.006558682840231644
KR,0.11443497835046526,-0.5776998225414263,-0.2091984526311436,0.267418567538433,-0.06945955816976201,0.09668713440515675,-0.0029303659900850043,,-0.008695739471620246,-0.03252951247733523,0.01513803353409474,0.3337877798802783,-0.10739477058694802
SHW,-0.17270339718222244,0.7768982346721949,0.23192110209534858,0.24328904882925956,0.1071062193988237,-0.027562794354237807,0.04325839145755772,,0.016903758583314478,0.02265592078383911,0.011151596382789848,0.3333275603877689,0.011641341581821063
RJF,-0.173850848531757,1.0680407167222221,0.5775758036643387,0.24436933574514966,0.07010025389504415,-0.11210683621690032,-0.06633278384053765,,-0.02363111415415586,0.0049142346887968815,-0.052176462997108604,0.3324137960705628,-0.0777847575515872
NWSA,-0.1780333077382153,0.6338180177915305,0.03790347935867412,0.23469928709127522,0.07925310444728018,-0.021771869572365987,-0.016985572967715856,,0.028566731108060267,0.08173787704526277,-0.024604414829142232,0.33192663471358386,0.09023601256880798
CARR,-0.2777873820011933,1.19766264940288,0.21781837962150472,0.34631660720566454,0.06439852534572021,0.10860550013410442,0.08057736753311606,,0.014399091374703113,0.015127580727523095,0.013670602021883131,0.3318551318567463,0.034119713559073395
A,-0.1617432941546342,1.2078720211440266,0.6759803447157253,0.2877143067373784,0.09549848823047191,-0.15661058060374045,-0.12376373783101546,,-0.013403283929916356,0.030266750884589137,-0.05707331874442185,0.3315957868478043,-0.1543812278898835
TRMB,-0.23661379283863374,1.4725150312060866,0.7142918062442539,0.27673388216533423,0.05737833368338707,-0.11811122330840718,-0.11979166868579472,,-0.026658115358867855,0.039588078308305685,-0.0929043090260414,0.33153247566565786,-0.08825345279112251
WRB,-0.044556768680616206,0.11225686597080974,-0.05487410295114551,0.20864729347632113,-0.00639310573176699,-0.026128254941823803,-0.1100463846537959,,-0.03590460528594259,-0.023323337194016833,-0.04848587337786834,0.3303531082271316,0.08199664705365106
NTES,-0.022180007766219458,0.734766076375249,0.6081190272532996,0.31987388724322385,0.010256384173009891,-0.1228623722484834,-0.19237714446570164,,-0.040015153794397046,0.02372676864562019,-0.10375707623441428,0.33032670089797406,-0.28086079810217746
FRPT,-0.2335085438858493,0.8265277296584405,0.021258877710754236,0.48242111788287917,0.0675883506760453,0.0986405602913647,0.3482056455596365,,0.04404324789508236,-0.015945924133364753,0.10403241992352948,0.3298836236597533,0.0202487561582807
JD,-0.30891212106126476,0.9097991584959719,-0.12481387008947606,0.32519591397899156,0.1605162519547696,0.11276980090371524,-0.012475560746058045,,0.11177606906080093,0.15740287007587245,0.06614926804572942,0.3295542389063467,0.060751988593515716
TCEHY,-0.16707692710786548,1.0470273661072975,0.4744534793410629,0.2986981143180481,0.010606014367305905,-0.16812176734381257,-0.16895096968689405,,-0.05131887329583089,0.005299248787677854,-0.10793699537933964,0.32952280536749695,0.025360256571638207
MCD,-0.04348777434673975,0.1209375595998525,-0.04862140805661065,0.16083818489171037,-0.013841020754136846,0.014514033009499494,0.0318694226487628,,-0.004903509257835163,-0.02476960766441952,0.014962589148749192,0.3288331974271936,-0.03623573677968184
MAS,-0.2275971026827235,1.1814839944699433,0.3795281383300207,0.3184293549757265,0.11114826210994577,-0.06101636447582337,-0.004584709331663328,,0.0008498499256470184,0.00647111370281789,-0.0047714138515238536,0.3284748470590934,-0.034034066431195
AZO,-0.08321157471466008,0.21420099604176018,-0.08001055650093926,0.25044438242459427,0.06258214015730545,0.030856002293285334,-0.11289961663478232,,-0.027345512504595992,-0.0004993354352850486,-0.05419168957390694,0.32834187889501165,0.05610775980257743
SOLV,-0.21083968051431473,1.0071626349438187,0.3038267192326374,0.2837093208243018,0.05037265215611186,-0.12381898038513406,-0.015092149783485276,,-0.01987874068917226,0.010500763136890783,-0.0502582445152353,0.32759712338315916,0.06335405306725872
NCLH,-0.285217095744275,2.1753710858109674,0.6809162711951643,0.5233474009706656,0.06010103938944833,-0.08220380407201833,-0.10983885330652887,,-0.031853938280313444,-0.005430108019867963,-0.05827776854075893,0.32758935902198516,-0.0858238270393249
BBY,-0.20317063644796984,1.0927982692409677,0.34640960253094305,0.34388095881255165,0.06140940236051695,-0.020680781758216638,-0.1377118709803068,,-0.008205066875461207,0.032204656412687625,-0.04861479016361004,0.3267992778689902,-0.08282034998410237
DOC,-0.14925787865169465,0.4568820223025976,-0.06161306756886634,0.23552836360384397,0.00481571871065456,0.013746137874807607,-0.021743630375686718,,0.026132245889467838,0.02927987827907766,0.022984613499858017,0.32667405282097767,0.011092009785394596
ORLY,-0.028550330489887622,0.08469030213008501,-0.01711244048530047,0.20879448603751602,0.06828542841328455,0.0007475405305470417,-0.0823541268695357,,-0.011908599803975357,0.01168330778472884,-0.035500507392679556,0.3266388622396463,-0.08619569719180054
CRWD,-0.2262191817410559,1.4324697939967783,0.46122899625054625,0.42550010367509894,-0.027213660581450916,-0.06824173141311818,-0.13306199801338103,,-0.015869273771750847,0.04590513657394821,-0.0776436841174499,0.3263650177946492,-0.08313790695865608
XYL,-0.1762394317132941,0.9348125870915495,0.41509099170901587,0.23961211854529096,0.012456092873748492,-0.16082720170569498,-0.16399604720934624,,-0.07435590044450403,-0.03515714284670594,-0.11355465804230212,0.325519166810209,0.04850184548694547
MDT,-0.07659393447676398,0.43023675864249566,0.26329564250230414,0.1910170084070548,-0.0036266728381249003,-0.12228568942369855,-0.08188967393503954,,-0.06577497505562231,-0.05674873984472613,-0.0748012102665185,0.3254895583248973,-0.02662693007159178
WY,-0.1123002361262144,0.500632333540867,0.13595569576251113,0.2600046201912185,0.07426375366857418,-0.05268439477151665,0.08006109280862406,,0.030601362629815363,0.02329214155266958,0.03791058370696115,0.3250939558172934,-0.1435527861288095
PRU,-0.21077851595973787,0.96578878269506,0.33034609748490595,0.22418131963358995,0.09406950295206884,-0.11510055671718189,0.012220750714218909,,0.011813900993217127,0.03634283044515376,-0.012715028458719507,0.324906659990966,-0.06301025810947447
UHS,-0.03622527314676373,0.6430365033804376,0.48520349073038777,0.3162028416749982,-0.03782043517087286,-0.10579759903835972,-0.10859899436455311,,-0.08755781341341204,-0.08432397953892214,-0.09079164728790193,0.3248773193993619,-0.19548227321503142
CPAY,-0.2616067693814184,1.3194788120489966,0.3571175886547722,0.3571413361935786,0.1703973102009424,0.011700050679645857,0.16283277527246898,,0.06553578099423758,0.04977857064074225,0.0812929913477329,0.32460575735659747,-0.2156508016774632
MSCI,-0.11551061493491556,0.606340863811963,0.23102528359510263,0.27406045054608774,0.021212770351959342,-0.04439792735058112,0.04220651281522225,,0.026485417427370282,0.03704845713986877,0.015922377714871795,0.32311955014826865,-0.22841082890382103
EMN,-0.33882211791253486,1.2576651184900307,0.08223027555732539,0.39031435485068977,0.07067181625859198,0.06319989515865121,0.24681536751333066,,0.055401665012254644,0.004403285627975501,0.10640004439653379,0.3227582791899622,0.0044525345816202044
AIG,-0.13521482180438046,0.4179971634900689,-0.051511823254282545,0.23172762825932006,0.05852278174307379,0.06908149809876507,-0.020933441005152598,,0.015418348157552629,0.02132354250332861,0.009513153811776651,0.3214709115595376,-0.1156753033178427
LDOS,-0.026562622436239088,0.48241202261243965,0.403707857887459,0.28662579233323227,-0.06944528834215691,-0.19551757418497373,-0.16434548653239978,,-0.10557565262072281,-0.07811596170544477,-0.13303534353600086,0.32140709689883434,-0.11258760080092156
AOS,-0.20220213879846408,0.8582361398801076,0.19769053797742064,0.2575427356144441,0.012496143294384643,-0.09514520981425156,-0.05369185599689941,,-0.07560652231703673,-0.08283881361738933,-0.06837423101668412,0.32140225604584405,0.10516653496698836
IRTC,0.03181377348494757,0.8641780804646572,0.6396311799033869,0.44819907827713684,0.06809850625651981,-0.27156472572981916,-0.2866169465414262,,-0.11543308309725998,-0.023750325622237424,-0.20711584057228255,0.32103497999343766,-0.26428834021545755
CHD,-0.09614317962520642,0.057664453188605906,-0.36386041649877776,0.21749123120501104,0.011907242689420006,0.07463575420261481,0.12894190448977083,,0.022923336333514597,-0.013900916032707355,0.05974758869973655,0.3209961246475892,0.003893840625294853
BDX,-0.15082791650557076,0.6584630250212723,0.14493733179773122,0.29923109851675483,0.0029098649402201637,-0.025914147953075894,0.09254939411802687,,0.0029945999957820962,-0.03617721261005414,0.04216641260161833,0.320836009021877,-0.1357104149338093
NFLX,-0.15832970413687678,0.4991620124355028,-0.03300469018665957,0.3367398512299483,0.027560725390286978,0.10516745242351377,-0.19130055403444812,,-0.011335737432395281,0.05824879440925008,-0.08092026927404064,0.3205187702632542,-0.0886741462941294
GPC,-0.18156158207634082,0.7472462210816042,0.1376736849583028,0.28197500751805193,0.12976568245054487,-0.1566368688990586,-0.13330525062567222,,-0.05297697842673474,-0.007939037645692437,-0.09801491920777704,0.3204040855845042,0.10231677634544312
HDSN,-0.184329094283509,1.4892733453433178,0.534468579709029,0.4769146595823203,0.06197661229471585,-0.14555254886809565,-0.31161779301539627,,-0.11211100070709003,-0.022841443504973323,-0.20138055790920673,0.3203292456769917,-0.037616037691841187
TDG,-0.1983144426069366,0.7400839806244172,0.07416173684412486,0.26907877074666553,0.05495280322053864,-0.11695525036700993,0.022759810322586782,,-0.014179156317940773,0.014212996354930126,-0.04257130899081167,0.3201330552289827,0.055576222995775026
PM,-0.0017150614387757776,-0.039761455004215185,-0.05376329688949121,0.2500169718881304,-0.041780560875174566,-0.07743055453329561,0.018516430086332525,,-0.05306766146802934,-0.07789170119107912,-0.028243621744979568,0.32005003939798404,-0.06674275088330239
PNR,-0.24561672047069014,1.3037802470228714,0.5139271179735031,0.27027488226697316,0.03498324117954432,-0.14381011033826985,-0.16785470167567462,,-0.06364081157361749,-0.016507380885949247,-0.11077424226128574,0.31978825847370385,-0.050521804560473726
WM,0.005827938102130264,-0.1465240309505414,-0.20861165830053216,0.17921225350463485,-0.04208903982407641,0.022652888024259354,0.05624893263477948,,-0.01304406807418905,-0.03684188953786519,0.010753753389487091,0.31970044341865134,-0.13459025232816368
SWKS,-0.2976819524195228,1.3051032001765377,0.2573022127238081,0.3390042057031292,0.1009705050864047,0.02119464890735201,-0.18650274894221852,,-0.03550778832220597,0.032014883397959666,-0.1030304600423716,0.319519756217234,-0.0036738704569493352
J,-0.23045165134892992,1.1916714612829642,0.411240974968244,0.2942384267135443,0.008920821285598457,-0.0864732555046932,-0.19332523179275185,,-0.05683320054941432,-0.029317651110319223,-0.08434874998850941,0.3192825577016256,-0.06837749463473985
ICE,-0.08486634783635866,0.36491548491196707,0.10508916440296963,0.21654572911930892,0.025960815321858455,-0.06647689992968797,0.030378392820228584,,-0.007742168373327043,0.007531502800171052,-0.023015839546825137,0.3185037082915197,-0.18069925754264882
GRAB,-0.3806070307204253,1.4890804469315988,0.14920497103353147,0.39248741651341745,0.12266667683919263,-0.04100224004852293,-0.2888513540725266,,-0.0415270084204525,0.06836523211285943,-0.15141924895376443,0.31848079689856024,0.20755682697199873
STZ,-0.19164327837376363,0.21042348539117703,-0.44767416163946866,0.2894604919704802,0.06699982041401076,0.028889384432836174,0.18524103166250083,,0.06516794396207906,0.04379325270022051,0.0865426352239376,0.31802378829732314,0.08080734022793878
ZBH,-0.1844948438947439,0.5964437159577679,-0.028173379364500664,0.30483595426065707,0.06687673846190334,0.07084365954819805,-0.041155213480473796,,0.008402105934457059,0.015833158261690176,0.00097105360722394,0.31768450242375074,-0.1168752421060767
SNPS,-0.28197034857619085,1.7592943725584056,0.42383108727324126,0.5589273558752602,0.04877871670409317,-0.11533091085533187,0.03138332844076652,,-0.002463433526198551,0.06450027990192769,-0.0694271469543248,0.31716470192177626,-0.12830020499252637
AVY,-0.19458910142938277,0.7228473421300061,0.07644449919184791,0.243276658984836,0.04742817541408462,-0.08327345446004941,0.09215403444314818,,-0.023879030896286974,-0.036764497006422606,-0.010993564786151341,0.31652343863736354,-0.014144068510721919
RMD,-0.14938214481131382,0.7230499892940992,0.2700410569579277,0.23649694441620897,0.0010531430104996353,-0.12294441453800342,-0.1501955848126879,,-0.08331420488586833,-0.05510234219408161,-0.11152606757765506,0.316363500305205,-0.05149349168184214
HD,-0.23124583373376106,0.8036886589928417,0.025445263636363874,0.22725693513112338,0.05581241238172896,-0.07232849203637437,-0.08830570572435703,,-0.029964486015896304,-0.008296776533490185,-0.05163219549830242,0.3157965992148352,0.055521163410488406
AWK,0.011313307911828146,-0.4289656269022877,-0.5159641865263546,0.22327069611187353,-0.03758683283106734,-0.006356755217403198,-0.0643851336348128,,-0.019627675103008238,-0.01816821811608116,-0.021087132089935318,0.31529658468319294,0.013206377977629247
CPT,-0.18672935397644416,0.4206700311499439,-0.3186711152107313,0.19663830333357188,0.04167925258332228,-0.03523294411434108,0.038193199906144004,,-0.0016732136974897068,0.004907438891742162,-0.008253866286721576,0.3150214309623283,0.12063413025892711
VLTO,-0.18707967470415438,0.6876684198566603,0.07809501232843893,0.2014395039692887,0.012531691151678626,-0.1169051764689154,-0.10440033754351552,,-0.045603029292112046,-0.00333025519817553,-0.08787580338604856,0.3146874058749194,0.012042365091406548
EXE,-0.06972508151337968,0.11082019018153066,-0.11721305170332315,0.3160173545588933,-0.09192567529217788,-0.0319210510392568,-0.06165373817897879,,-0.0855708014600019,-0.0868376332993243,-0.08430396962067949,0.3140942597657187,-0.008319786134893925
IQV,-0.12163316975268705,1.2718875666318241,0.6292396462905273,0.4028340747250593,0.05652019039591649,-0.26865049897783544,-0.13125240766148605,,-0.03670865156403154,0.03017795782266982,-0.10359526095073289,0.31393045576367923,-0.3315521020377007
MA,-0.21180853669455865,0.7181191090846796,-7.83096605089686e-05,0.2138992815453992,0.06904380236572027,-0.03769320263384901,-0.0707695430994908,,-0.015198053142146582,0.020223052985968146,-0.05061915927026131,0.3137578736701029,-0.038855424386658455
APTV,-0.25930845398445784,1.4535771474113248,0.47529081785872807,0.3563898317697039,-0.1498645192235616,-0.2782956241206711,-0.28718317351801004,,-0.19225022050511478,-0.1632914980750895,-0.22120894293514007,0.3120353832468412,0.21015633442308834
SW,-0.3078739456582352,1.3481439315494428,0.2265774799695606,0.3960162200356711,0.0948677986963189,-0.01653423481258387,0.02044001727003386,,-0.0035772987791844865,-0.01955493025033982,0.012400332691970847,0.3119093703722912,-0.12678603951040845
IBM,-0.17285402036546543,0.91837092320705,0.30043650099928426,0.32618264951417864,0.0074324128450860005,-0.14443652304206178,-0.08701458003542417,,-0.03007637946201573,0.01182625079728461,-0.07197900972131607,0.31181580929938346,-0.19960011607779382
ESS,-0.18810147073723657,0.46359842566619053,-0.24272238077439265,0.21165900272111318,0.04467496735881871,0.0165719269496305,0.012162390212421936,,0.01158895107067371,0.022395041771774864,0.000782860369572557,0.3114154445031812,-0.04550587571020226
EQR,-0.18272499321053734,0.4047136799308147,-0.3195176074765804,0.1983130924250453,0.05996839935229836,0.03709515655345719,0.0330850042471007,,0.02494007767286993,0.028041281360924562,0.021838873984815297,0.3109882196668315,-0.0516692254924378
BRZE,-0.43823778947973824,1.2919945410443168,-0.09052981999046678,0.6317850337608447,0.20021190967531943,-0.11067502925774075,-0.13577420134138563,,0.005403299644627657,0.15003196404720529,-0.13922536475794997,0.31054784880184616,0.26338582448308134
SMCI,-0.5715764784462972,2.7005182087643305,0.2928163902275117,0.7679753333114246,-0.05897861262038828,-0.029231835762112524,-0.47052279953524934,,-0.1319741235557336,0.0012901592036684882,-0.2652384063151357,0.31048048524413546,0.3934727626709016
SYK,-0.18213831101750563,0.5773357234158729,-0.059497195557720914,0.19945754105087826,-0.004514056064269911,-0.05032146242547786,-0.06664885680163268,,-0.04464726927044618,-0.026684888770951924,-0.06260964976994043,0.310252588763176,-0.02959031326028183
UNH,-0.3513198474767772,0.556680483258085,-0.40662437713764404,0.4602293237288168,0.14173678547374768,-0.034830735014687475,-0.08804268012751548,,0.09415691653231155,0.13742341701498806,0.05089041604963503,0.31020986393025135,0.12139297938538962
BX,-0.34497263144221274,1.5479100346995065,0.3271637494484576,0.3409480141746143,0.13696823059063945,-0.18798438897252812,-0.1962715126962209,,-0.01245814880115903,0.09951836838824382,-0.12443466599056188,0.31010166506104103,-0.03011176332829657
BKNG,-0.23256792739285026,1.0666466299313866,0.26705636583935344,0.30710215175723055,0.09559976704644013,-0.07353263178354719,-0.05126196528075355,,0.03301408864310211,0.11662132451896691,-0.05059314723276269,0.3098367444997263,-0.3076754661437653
ROL,-0.08046368928149443,0.24176868422043932,-0.04015632031047258,0.22810578673956722,0.02021888621170631,-0.11264531144488288,-0.012145173122551811,,-0.043267250072297675,-0.03678675301731834,-0.04974774712727701,0.3091783928833004,-0.14331620303575898
MCO,-0.17432663119941258,0.8904551831068863,0.33640016549296947,0.26245972127873557,0.03802400931270644,-0.15432594305332947,-0.04445063934013149,,-0.01628202376216759,0.02702133637621492,-0.0595853839005501,0.30816157388076004,-0.29761646362970395
DHR,-0.24216833992974465,0.9830935227174681,0.1662180675316218,0.2874008433833507,0.019139138039300452,-0.1864390530590596,-0.051745199673749354,,-0.04473961754742152,-0.021773654693090658,-0.06770558040175238,0.306876606389449,-0.04962314426347336
TTWO,-0.18364729322170847,0.7062153548138431,0.0837685600972241,0.29406939684689576,0.03829199891629931,-0.13219286050528944,-0.18913960502434768,,-0.0229125815906892,0.04351109269717683,-0.08933625587855523,0.30671377396747146,-0.15527611595390733
XPEV,-0.2978502170025893,1.3756385375547588,0.1862732806565599,0.5790468260756949,-0.035695261585186544,-0.1331417093407007,-0.16358591072197826,,-0.04184194707347628,0.01100375874245894,-0.0946876528894115,0.30619346280551707,-0.047637310809631184
GPN,-0.3022448881217728,1.3762370241572954,0.2692868916027204,0.3848787042530474,0.039201656818788067,-0.031769659176765885,-0.15412486343017717,,-0.03268440455951847,0.011252655790855971,-0.07662146490989291,0.306093789931979,-0.18664353745086137
TIGR,-0.3689444525815242,2.0047856343272574,0.36836446063518113,0.6035282790863555,0.035460991948418785,-0.2108107901908255,-0.23640168720541044,,-0.1084886680105644,0.000493413134243973,-0.2174707491553728,0.3053232216886565,0.09780893660778589
CL,-0.10175120944305928,-0.035232366812148704,-0.5447357434994972,0.20586521352817252,-0.0195383815135024,0.02365961090463098,0.11959668077499708,,-0.01099780709544888,-0.048405906144807095,0.026410291953909336,0.3051822247696756,-0.027183696571556615
V,-0.24210618429505082,0.7081394871771541,-0.1607946704816237,0.20683300592385406,0.060196644576751,-0.030743791690144073,-0.07922433012911889,,-0.017001892273809705,0.015725074813003947,-0.04972885936062336,0.30435973534398525,-0.05257768303659183
AMCR,-0.318986417527931,0.7893252299489157,-0.2904410829487746,0.29676970890045185,0.05244668086863702,-0.037808209251475766,0.05566193911425055,,-0.028467936708700674,-0.03713145327059359,-0.019804420146807757,0.30409063221224436,0.1470658169980552
MOS,-0.1878851914829275,0.5211776946118328,-0.08087697857844332,0.42257378759951586,-0.115550788786136,-0.10162500020922016,-0.1606444928484999,,-0.1198026956758053,-0.08920368760738487,-0.15040170374422573,0.30372329941125403,0.06740428023338962
APO,-0.35789824888739236,1.4542669696315913,0.19462893058346825,0.36480941352823326,0.12068350869277533,-0.131952363486056,-0.016291226871613218,,0.025111975492188875,0.09754275484599308,-0.04731880386161533,0.3031578817454292,-0.15478192389147138
NVR,-0.22753243427248976,0.646530338547523,-0.13979009319166136,0.26363825873616303,0.07991894140273881,-0.08160685383813104,-0.08427491620421868,,-0.036563365528057286,-0.003385978005486124,-0.06974075305062845,0.3028436415350806,-0.0337581130283362
QCOM,-0.38542267736239744,1.3881421011980963,0.07412794562338879,0.3234423096337579,0.04391810894403392,-0.15066321704991192,-0.15459990881123276,,-0.0550928615450938,0.014448093109965249,-0.12463381620015286,0.30270633693376026,0.11412804430909973
AMT,-0.14817753294221064,-0.06765883324815625,-0.7085910562106102,0.23727629742538148,0.019326280498710435,0.014497779184262427,-0.021342676008576755,,-0.0004670273894317716,0.017260417824292464,-0.018194472603156008,0.3023040369315995,0.07352732237061566
DASH,-0.31231423415712145,1.4477470924758236,0.2613893581217124,0.4386697384814671,0.11455235630783389,-0.12479178118383794,-0.32544657470084715,,-0.03189042740278356,0.10132171472812244,-0.16510256953368957,0.30170502154534523,-0.173023265901033
AMP,-0.32585183684036545,1.1166402419411257,0.013846249164140012,0.2509038002546757,0.05470015072525225,-0.09949175201671889,-0.04598180527061124,,-0.035315989760392644,-0.01127102701158889,-0.059360952509196395,0.301653484589417,-0.014698254213517892
UBER,-0.2708370019038711,1.1157932354069175,0.17696045827505733,0.3291080280724076,0.006000509555154299,-0.08603928351682788,-0.18408796566288022,,-0.027128103683893925,0.05052093518813822,-0.10477714255592607,0.3013447089380616,-0.21542670324840074
CCI,-0.17900213557245034,0.21706291564842828,-0.44656526177146083,0.2574868926149563,0.04475321232448626,-0.006539340237166402,-0.07321170319811132,,0.00941714779249562,0.04135681866038525,-0.02252252307539401,0.30130959163703075,-0.07041665977584788
AON,-0.13020750234672426,0.14466778698904983,-0.34963450749396624,0.250379327670793,0.04379005504069999,-0.037814663853970365,-0.06745362794662368,,-0.011089353948558173,0.02027948229094599,-0.042458190188062336,0.3008118699418504,-0.1378771573759764
VICI,-0.137778918499175,0.18604294641934033,-0.5082652946655746,0.16312361235689268,0.049186207159158446,0.037372740269528304,-0.04255885697242634,,0.002924048970939277,0.021048582142039463,-0.015200484200160909,0.30050282413902885,-0.116054604498256
ISRG,-0.30458609383241736,0.9993972590267572,-0.034162194852717355,0.28798354980045215,-0.017834382047004937,-0.1332434917465437,0.07713323209613465,,-0.04465383025164206,-0.02196123178580656,-0.06734642871747756,0.30012709882537897,0.0065757829479460295
PANW,-0.25469705163352946,1.0519161693013428,0.161560460138768,0.34377265810127516,-0.006275516758108446,-0.10589671377224252,-0.1879535143604999,,-0.025095864174166475,0.047108369117362284,-0.09730009746569523,0.29896551893497975,-0.2534587097246592
VRTX,-0.30604355991270477,0.81705303421355,-0.181844709396181,0.3578526752314438,-0.02300756043117791,0.0051945655462173335,0.0816377023996675,,-0.018319228149103712,-0.04387095044956485,0.007232494151357424,0.2976484232006532,-0.090251868238298
CI,-0.24918460673393358,0.4053336192398755,-0.3932069528472377,0.3297024667754654,0.05302154141399695,0.00804127697266832,-0.043524991294750515,,0.0012169700482433264,0.010903530845038057,-0.008469590748551404,0.29712444392620285,-0.07757608634523094
DXCM,-0.29990175642800704,1.0212615921421329,0.0031101281594990266,0.41623402907502105,-0.05438965298096643,-0.07596762686044911,-0.021862162357610515,,-0.0732034708199447,-0.05226328627581288,-0.09414365536407653,0.2969503220175437,-0.060411900129643814
STE,-0.17815698306932157,0.6581710966231235,0.06607589065760959,0.2414586182346297,0.04426043849505534,-0.15617603468047891,-0.04390854188711568,,-0.04794157755426339,-0.024854103247563656,-0.07102905186096313,0.29681807532804816,-0.24392837083869667
SPOT,-0.19775322930317124,0.6686508425007358,-0.0012763440101424958,0.4316285463103267,0.03849283127449521,0.05623568287164593,-0.20064055547539372,,-0.00998894746380561,0.09039987562238724,-0.11037777054999846,0.2964844618592924,-0.4098045750574678
WAT,-0.26053703860496324,1.0478191225425966,0.1366559839915877,0.3548454741912074,0.11089646695278632,-0.1693403480685307,-0.013958709417043136,,0.009539095113046058,0.04320893499639714,-0.024130744770305027,0.2953998351530858,-0.3075054393422234
FTNT,-0.4132438289437566,1.0691378868405723,-0.25087880990945627,0.3903381927314515,-0.018587397327049393,0.07232700032938721,-0.020818442869639964,,-0.011848781401955256,0.0028968879412103834,-0.026594450745120898,0.29473487004571086,-0.020832858990102787
PG,-0.1514563119072118,0.04724587832542781,-0.7737452426213125,0.17773587511805838,0.0014994611945122749,0.023115502926214893,0.010771749711806944,,-0.027249836478579734,-0.03399465807654617,-0.0205050148806133,0.294734120625802,0.04215098483591939
AXTA,-0.34956570990492014,1.061197433268072,-0.1211929557786811,0.3019260143335588,0.10537953849189852,-0.10740852558151148,0.08656281553113598,,-0.005644992481030205,-0.0037128340735673947,-0.007577150888493016,0.29343694645996354,-0.08301946536897542
ZBRA,-0.46346818474906093,1.8672610461650982,0.21262162659646408,0.4102832894778539,0.1297286823843007,-0.09434040120504672,-0.20085226590021965,,-0.04797568900294217,0.03932339477427636,-0.1352747727801607,0.29330158334982914,-0.07912955525222665
RVTY,-0.37402266894429764,1.4894826460647312,0.17619813862447503,0.3704014966413858,0.10718844380082704,-0.18416172663368913,0.02215309299968271,,0.003777813543901662,0.016153756587355683,-0.008598129499552359,0.2932109804332087,-0.2032493103222378
GLBE,-0.3500494520563935,1.6414537517673968,0.2768905188709269,0.48415329479337627,-0.0032334100197360938,-0.11485255463724653,0.004443173380825227,,-0.005979926723083281,0.02599633983520991,-0.03795619328137647,0.29246276854647074,-0.3396924184879797
POST,-0.21145916682280425,0.24765232714359137,-0.5596127925886532,0.24734982984613121,0.06421535001266321,0.03557592169270207,-0.023360895823848926,,-0.017374518932752422,-0.011643556286823214,-0.023105481578681634,0.29227949462225483,-0.08313800591034903
COIN,-0.5434196931427514,3.11742334319904,0.5135860535466112,0.7320848946807235,0.019971371194853926,-0.13770476895828643,-0.38647038560680935,,-0.04964655267590033,0.14506147657333357,-0.24435458192513423,0.2915475678365784,-0.15965340271216355
BJ,-0.13380415354112207,-0.318169891143899,-0.7952666297197587,0.2862444182669018,-0.02375143592149709,-0.029923125673832374,-0.028079843427080586,,-0.04969059572512345,-0.052530190237111626,-0.04685100121313527,0.2911398798991468,0.0574823284572219
WTW,-0.12472075396318878,0.18705573637781195,-0.28308418362068843,0.24569796758285184,0.03910891890809154,-0.09090215936496227,-0.11774379179730987,,-0.021323318257975246,0.01538728379184383,-0.05803392030779432,0.29077388239300334,-0.28828531228971677
EFX,-0.3987182446653485,1.1200555140617692,-0.18468404452733725,0.3702814713581105,0.06763158163469063,-0.10245823433331191,-0.14121448858466457,,-0.03668050487249133,0.03442897576664778,-0.10778998551163044,0.28998626375534864,0.01854172106797125
HUM,-0.2873070140421155,0.6339794286238367,-0.20846961151104987,0.48127006036516273,0.2098454051755143,-0.2738797734756129,-0.2108628244068964,,-0.00463411756655914,0.13216677436888183,-0.1414350095020001,0.2899434741670308,-0.04318542811995918
ADSK,-0.3091167645891056,0.8540077800497667,-0.19064209537217477,0.300290005403073,-0.025998034313239438,-0.07717534027109951,-0.20669983307760265,,-0.06829460984401418,0.00972680561516124,-0.1463160253031896,0.2896396624004579,-0.053500712641157744
CHTR,-0.4256785147520497,0.48462629460755674,-0.7039361933391979,0.4016695896849106,0.13215308668510795,0.2158676037977536,-0.10560932378001675,,0.005187302114582515,0.04873964237820269,-0.03836503814903766,0.28912896038914343,0.050250757527104506
BRK-B,-0.17655283534400912,0.23546945386448118,-0.6907420348375742,0.1550605503458451,-0.02041409091072277,-0.03662053656719855,-0.043937282041458414,,-0.029895967010158044,-0.027996787375452598,-0.031795146644863485,0.28892170883309864,-0.02239012472764379
BMRN,-0.29356724368893994,0.7467855667306548,-0.22616593717596287,0.3241910916707319,-0.014252226432940995,-0.007808249637891396,0.029195690951322018,,-0.04645794821451232,-0.05893376735174364,-0.033982129077280994,0.28881054653696364,-0.15623927790332814
CDW,-0.4399933975374458,1.1830381028179775,-0.2931423095527746,0.3107195553110195,0.1392126106453644,0.017731583356190406,-0.09133887639337701,,-0.0035700956953480315,0.07363460603546071,-0.08077479742615677,0.2880077470599162,-0.04452866137499434
CELH,-0.27977698186628386,1.2156166264853538,0.1435859568044815,0.5483796152372299,-0.15060240963855398,-0.34149073783216255,-0.4413629024974235,,-0.2219625287153486,-0.16065433184239838,-0.28327072558829886,0.2879069396275697,0.15965903027939166
MDLZ,-0.18173601629641808,0.054481214466636375,-0.7541274467637425,0.21968184062979906,0.02259017078392045,0.007777843510677895,-0.0548605262579509,,-0.020986664787760415,-0.014517239987892696,-0.027456089587628137,0.28756132674350493,-0.047481884316647904
SPGI,-0.21152680775609053,0.6445262580117145,-0.07910865155751526,0.2710126476563019,0.03733825269274882,-0.18669902343095013,-0.07954166650799077,,-0.031710989142720206,0.038483354089155014,-0.10190533237459543,0.28708214738711474,-0.27601144588894777
PTC,-0.3021924957676099,1.02767268437925,0.0027308540672946685,0.3275889985276817,-0.06908263989756047,-0.16268197013468466,-0.3109467288444755,,-0.14848511729945413,-0.0715369395638966,-0.22543329503501164,0.28682355619240146,-0.012246489472141797
RSG,-0.13475770044723892,-0.10684953110232086,-0.9715608527899384,0.17113737500428167,-0.06189522833189287,-0.01205042132591383,-0.05503404263149125,,-0.060386622020977374,-0.058925268873095925,-0.06184797516885882,0.286638213870377,0.1039318936473157
LII,-0.42806144397662843,1.170888662710626,-0.23393582775444927,0.35367082297659924,0.02207254121572677,-0.06469004243274501,-0.07051457868710576,,-0.05789037064620582,-0.03948040846381442,-0.07630033282859722,0.2858440624011494,0.03277301659323473
TSCO,-0.24422600540152511,0.49448602211368936,-0.37334597057192914,0.2635340226953172,-0.020457071290506113,-0.10878473615638928,-0.18636978669817306,,-0.12018980186665044,-0.07882423477755093,-0.16155536895574996,0.2858322139697082,0.040239343664341565
SNOW,-0.31531845167598593,1.5186066587869347,0.2539692557435589,0.5219438517840137,-0.16894663360727824,-0.30692215307428217,-0.40222537838293493,,-0.219308759551818,-0.12183973708309612,-0.3167777820205399,0.28575861122971813,0.0709136525668097
UDR,-0.25253758526951353,0.4101446417312398,-0.671680829538545,0.19588974531388617,0.010822322983900179,-0.03661119944532765,-0.002082492603376007,,-0.016854770063929225,-0.012476541053729188,-0.02123299907412926,0.28465250789258933,-0.032211928694244274
CNC,-0.38574551714948424,0.4709308509260759,-0.3946941734769875,0.625435892764697,0.05558623700262677,-0.19251115296580812,0.06649894363052167,,0.02716610063429165,-0.0036180365023527872,0.05795023777093609,0.2841118722845436,-0.017078244583164315
ONON,-0.5270301720649019,1.5869777133042946,-0.1270404202134151,0.46433762645313176,-0.053777170682453024,-0.19673911384914244,-0.10834937289007496,,-0.12098775438908177,-0.07913688261925368,-0.16283862615890984,0.28379973641790174,0.2739644297377757
LEN,-0.3506653091695838,0.9172320140828109,-0.21831458049548597,0.3671308086465692,-0.020686006168576743,-0.23759401041413697,-0.23877709588720142,,-0.13883862193649274,-0.0813053155084193,-0.19637192836456618,0.28339632984946866,0.16739105170653223
KKR,-0.43156010049512594,1.7440829291807258,0.21866315579798568,0.37873226070476856,0.1431093634973486,-0.20965016505953027,-0.16479913349593578,,-0.028007102570766218,0.09588530404968784,-0.15189950919122028,0.2825305324083757,-0.2490029415260786
CHWY,-0.3898567251947262,0.7729959496890493,-0.36239811306732567,0.44669202736640967,0.13111387357422188,-0.1602075046280994,-0.2750263139753186,,-0.05468568748354917,0.06485065939929346,-0.1742220343663918,0.2821670456361072,0.06959711035314742
JKHY,-0.19153419588586051,0.29940943035965734,-0.44249610926788696,0.23329167340328189,-0.06715105508778774,-0.1915295250371808,0.004379828674567765,,-0.05847031439228807,-0.04450983842919642,-0.07243079035537973,0.2817535646503708,-0.10535483332637996
BXP,-0.32473836114684484,0.9683092393435851,-0.13699285235050945,0.28584756784725174,0.1117493981889055,-0.12315763210723873,-0.17125868921335585,,-0.029945028881932508,0.04785729149888774,-0.10774734926275276,0.2817494820552343,-0.2330448330324748
HPQ,-0.4455186924694428,1.07852388123787,-0.3841119256535729,0.33176338778166375,0.09110866684804986,-0.01976948299430381,-0.2854543126143759,,-0.04021680783342803,0.057509633276808275,-0.13794324894366433,0.281673339900191,0.01508689523478468
OLLI,-0.3649825863745136,0.8747393391130737,-0.30029822932020794,0.3563106853900274,-0.05839123566647353,-0.19164537742607302,-0.24781848698076558,,-0.13765989551938757,-0.07214961414651246,-0.20317017689226266,0.2809588019648198,0.16173227055589368
MRSH,-0.2537926366407708,0.19288712964010873,-0.8628518686777832,0.22820285916073785,0.03323922173818161,-0.02555876171541216,-0.12876309428825217,,-0.031614614362097136,0.0007721106087536177,-0.0640013393329479,0.2809115697757834,0.04873953113545748
PGR,-0.21235250266485675,0.02209441721047687,-0.9156678547556101,0.2247936191800073,0.0075301330539796485,-0.004103671528046582,-0.04830672314387707,,-0.03270107744644978,-0.005092105239611371,-0.0603100496532882,0.2801649481513372,0.004285851873254254
SJM,-0.1762982198069836,0.04412723137665657,-0.5515102985764282,0.2960669370903496,-0.05818541851178505,-0.07944469170964641,-0.05885417038686247,,-0.07539213773994816,-0.07451964591080673,-0.0762646295690896,0.2789742019154582,-0.1502240494213869
CTAS,-0.29785031133007195,0.5364686934385468,-0.7463857091293563,0.18707740603742837,-0.03381149800427785,-0.08179725898681867,-0.03967365497626463,,-0.06521473001476238,-0.04551617063222422,-0.08491328939730054,0.2785809747562844,0.09921957757744782
AVB,-0.2998906821499353,0.5255953683812927,-0.736463879104253,0.19672260973446104,0.05849847755661486,-0.027504524309411194,-0.035291843971991144,,-0.004076205485072834,0.021800283585330486,-0.029952694555476153,0.2783573386029923,-0.06415016540844776
ELV,-0.3337679706145773,0.513588171424606,-0.45897290715510086,0.3971860058683314,0.09527029809449061,-0.1489503438824602,-0.0651615573649389,,0.02564890830328446,0.04681159564467434,0.004486220961894583,0.2773080499429834,-0.17956756586013012
TMUS,-0.191048236096091,-0.20961878155707533,-0.9758243215004953,0.2591349672067946,-0.04331621895144344,0.04175218933198166,-0.11932716587070102,,-0.07138511484489188,-0.05402449516501652,-0.08874573452476725,0.2750903812592663,-0.025513740452976164
MAA,-0.29476847412533863,0.3808490953533879,-0.9747783382082411,0.18716694665551245,0.029478288495273564,-0.04379529745786803,-0.007735113143869321,,-0.015230352383413283,0.004604396680315149,-0.035065101447141714,0.2747373382771876,0.05311161687587651
INVH,-0.2865647349953294,0.2816218936152686,-1.0040711733416061,0.2026820450354259,0.09614456433461016,0.011077940051514634,-0.026625056158867788,,0.017836866568088878,0.05567281466787125,-0.019999081531693497,0.2741774395367123,-0.050895928174954475
COO,-0.3732037480661504,0.8776423523056986,-0.34778093949597505,0.3288404952501582,-0.015596468159470689,-0.1488276073787954,0.01890627373436815,,-0.06889951050203935,-0.07655161068630754,-0.06124741031777115,0.27408863584111476,-0.07049209894015218
SNAP,-0.7329262032039043,2.0674829174536886,-0.21574141921190734,0.5709257938709686,0.30519488293853847,-0.222938140212241,-0.23767378936408357,,0.027901598179258552,0.22376916733027097,-0.16796597097175386,0.2739938825035198,0.16524967600916352
RH,-0.6745581895950138,2.462874384230768,0.08098745736612918,0.6396889387213264,0.04831277184752114,-0.3691743799487588,-0.2011780967581459,,-0.16330565156359458,-0.0838774857562092,-0.24273381737097996,0.27130612570242524,0.3358752752561327
TREX,-0.5878004177518227,1.5002932755581364,-0.29178160822141724,0.49806210504356113,0.15469760800773358,-0.007195946149369137,-0.18440119035434377,,0.00016238521830409108,0.08531263555216653,-0.08498786511555835,0.27035422870411757,-0.13124119735771955
BILL,-0.46988306111383205,1.907616750383937,0.15159762293649454,0.611633327961287,-0.029264586851965757,-0.19564763993179324,-0.21213961234899625,,-0.11963844104089252,-0.06540477493021599,-0.17387210715156906,0.2699242791029368,-0.19591656016832448
LI,-0.48844698576797363,0.9314684712027074,-0.5540595935118536,0.3857581213095898,0.07859238783279343,0.12202562992547517,-0.19058098831723702,,-0.051433514135515064,0.01866723275115142,-0.12153426102218155,0.2693841661641018,-0.10341014982753494
IP,-0.5012390940124165,1.2660292505183028,-0.3252443293851618,0.39310299992679953,0.03426182423278368,-0.1410800618805954,-0.19121528511772068,,-0.10052018700994785,-0.07105426684928584,-0.12998610717060985,0.2691649079459263,0.051813091329211414
NKE,-0.48146930118517417,1.1191000407269696,-0.38823885982559586,0.3900122980503693,-0.1391434874051497,-0.28262076703323347,-0.3188526795396379,,-0.22570516787760042,-0.1618614127087111,-0.2895489230464897,0.26877743219091155,0.40197700817071036
MELI,-0.43891259048130804,1.1969264791601422,-0.2297124828078136,0.37398142557238423,0.09795531180556138,-0.11578727888806284,-0.09398790852298444,,-0.0473199435757799,0.031373497650658104,-0.1260133848022179,0.2677240152367066,-0.22858909706890262
KVUE,-0.2743516236439369,0.2817160871651095,-0.5741377962005445,0.3331365894895144,0.005711043984155895,0.031995080964345224,0.10926292267638793,,-0.014673530613762647,-0.016843239092743555,-0.012503822134781739,0.2674178372270388,-0.3949023553679871
RBLX,-0.3712909684901347,1.6129627428366728,0.19190151920719817,0.544097879161192,0.03552427799146218,-0.28718252728984306,-0.5645207764450811,,-0.1953244289917673,-0.011416063772592333,-0.37923279421094225,0.2669490860114166,-0.1808679906224121
MKC,-0.3091004314513539,-0.023195942229498605,-1.1488331724148153,0.27501078373317256,-0.013258255067724045,-0.20917024389409666,-0.16215944654916847,,-0.13371922794951785,-0.09872992746819025,-0.16870852843084544,0.2663373199391639,0.39171295150900876
SOUN,-0.6879053582446126,3.5455456625392383,0.42904406959303476,0.8338705277633393,0.09336942756246591,-0.26007327222947585,-0.6224299033767465,,-0.11870669406618804,0.08080631113874329,-0.31821969927111937,0.26541980109525243,-0.12254969033405105
TAP,-0.24792632408681406,0.01042213052019146,-0.9574685420707609,0.25572910138641114,0.06420044221352961,-0.11040484529082273,-0.018361649175802852,,-0.03751378209161404,-0.030463708540279424,-0.04456385564294865,0.2650337980404548,-0.08023441487352134
OTIS,-0.2844173719109167,0.34614382131554666,-0.7667780301441929,0.23778806035845165,0.03692858233742169,-0.0945824809586241,-0.10150313878936812,,-0.05779578189247905,-0.04025453791425086,-0.07533702587070724,0.26484484709810524,-0.1290821183665577
KDP,-0.3092427164536689,0.1233633270768731,-1.0334835381348932,0.2640193964082611,-0.011291906338101731,-0.04070507760679998,0.0020764323345079383,,-0.04966192904771372,-0.037219996765408964,-0.06210386133001848,0.26473249108347136,0.011472426815844816
TOST,-0.5056642646666308,1.411048761042116,-0.2072048474128636,0.43198656604852625,0.044165153514852395,-0.13862555185146797,-0.21869965153223303,,-0.06622127509540725,0.0581856606995955,-0.19062821089041,0.26412902255833764,-0.16376619051124808
NVCR,-0.6163351011566816,2.0490177052696876,-0.017442873158347805,0.6895139720081681,0.06384738617727415,-0.07028987345087556,-0.0952045382521588,,0.046865297000346216,0.08941155773070422,0.004319036269988215,0.2637727130684452,-0.4145793596235585
GEN,-0.43981609703859276,0.9778310600087801,-0.519172448221159,0.29167298914087086,-0.02235175345859841,-0.2332310555569529,-0.2484279662378508,,-0.13736904412018727,-0.04749467018517988,-0.22724341805519466,0.2635288638743727,0.14302695696647016
INVZ,-0.401238102767515,2.813894082675096,0.46706863643677754,0.9177486282514103,-0.056337976143533974,-0.40178570193143504,-0.7112068810481372,,-0.3255049944819985,-0.14263043987896806,-0.5083795490850289,0.26262200768543226,-0.05193555459912458
KHC,-0.2845727462404427,0.12165651341904858,-0.9938778749496014,0.25022502182296175,0.017663015896558054,-0.05745991719777199,-0.07860961199189087,,-0.0545113148045238,-0.029490926709940538,-0.07953170289910706,0.2614269812480573,-0.07538980770761372
ZTS,-0.4502052618201621,0.8936829367517799,-0.6760618863411159,0.27606228540714733,0.04286321980997854,-0.01897695910085906,-0.13220870498931347,,-0.039880809589164797,0.003728482401367732,-0.08349010157969733,0.2613336875386223,-0.12331544301508612
OKTA,-0.5611683636662139,1.222123707615275,-0.4508104237764216,0.44527068133540953,-0.07879638252108867,-0.21416143048239256,-0.18222975384472762,,-0.11769319583026833,-0.06625276100696566,-0.16913363065357098,0.259489483048398,0.1364394269674094
CTSH,-0.3351272638656239,0.8036769880710871,-0.339107296113369,0.2892956320418357,0.016752335481771574,-0.2736154807236796,-0.07293674918612214,,-0.08947063763477323,-0.03455940138135717,-0.1443818738881893,0.25817120593757414,-0.2476407855273156
EPAM,-0.42193775559776864,1.2343581338585703,-0.13165453072582048,0.43974035184950677,-0.019704429570344795,-0.38979746800804715,-0.08134577032603751,,-0.15012099050963218,-0.0790861464841019,-0.22115583453516247,0.25712610542218073,-0.08451804405561636
CLX,-0.3819162534023309,0.3874166815720001,-1.1061246486778615,0.2419773529260144,-0.031038621927628074,-0.0493718750485459,-0.09730115137730122,,-0.07507158040300982,-0.07493404029759167,-0.07520912050842796,0.25659124694482094,0.0724461089110684
ENPH,-0.6346805915106806,1.4940545228212303,-0.23806460294158435,0.8150959946576447,-0.2495378822012988,-0.08144799260190372,-0.13478959109982647,,-0.16467026326439357,-0.21480651866411146,-0.1145340078646757,0.25474884715671997,0.013398864251867648
PYPL,-0.5578456330052322,1.4105814842023425,-0.3669913534502143,0.3864638484266109,0.13949318680013834,-0.10180055462372006,-0.2485782289975389,,-0.010336394028217413,0.13605166489501835,-0.15672445295145318,0.25445286352836205,-0.28694190707623046
ARES,-0.5688846727644535,1.624608710368871,-0.2216112092993206,0.40496958495780105,0.11144661151788715,-0.295963388925084,-0.20472125118369744,,-0.08823468571087316,0.04266413694575382,-0.21913350836750015,0.2537943478389362,-0.08418503030803237
PINS,-0.48065828251846576,1.2496762364990381,-0.22713148129291094,0.49353191238746674,0.071923300402017,-0.2489734919130978,-0.3963396419472467,,-0.09567404009702987,0.09321687680308997,-0.28456495699714973,0.25358190835784494,-0.2145645570103717
DPZ,-0.3500978192239791,0.3744983935879289,-1.0033255913650168,0.23885428379461174,-0.012894024450819996,-0.0859242984581895,-0.10062660591695205,,-0.065741190501682,-0.02646604663248958,-0.10501633437087442,0.2520586792826227,-0.09494098658327443
KMB,-0.34267075546978587,0.045363179735167895,-1.3296496022600002,0.24765320655332707,0.0012155096809529642,-0.0034774410931885935,-0.15546317805125154,,-0.06656206528130493,-0.027820259840741813,-0.10530387072186805,0.25122966793086676,0.027209182277014188
CMG,-0.5721021333769127,1.121333487239298,-0.6341895036286904,0.3806308050366276,0.09773291976279674,-0.11223980948441803,-0.14220729139601684,,-0.031158492011794055,0.019455919772204847,-0.08177290379579295,0.2504347541162906,-0.11961371864589632
PODD,-0.33704187560510485,0.6536681777890454,-0.38447315601578685,0.37521039777350906,-0.11529443804280903,-0.28887569314072903,-0.34795971269622983,,-0.19953238043705043,-0.10748865302621148,-0.2915761078478894,0.2482175345535258,-0.15481051171296145
UPST,-0.7983379816433209,2.9227926591235645,0.08932667443402047,0.7127625831955893,0.3383662329436108,-0.27843874337454144,-0.3230859623770911,,-0.05189972372030742,0.19584617783694672,-0.29964562527756156,0.2466978747301632,-0.1859388149118989
POOL,-0.5105655541426485,0.8996600951515424,-0.7388351449530036,0.33191797351248775,0.1061864722313699,-0.1443620071664028,-0.20772516223590642,,-0.05342929467285963,0.032344639619803085,-0.13920322896552234,0.24663087947548015,-0.12636183764602682
ABT,-0.3754567514744348,0.2483162616814582,-1.3120370792171914,0.23034554975775237,-0.10206147383271191,-0.2113871276742455,-0.2436398854445614,,-0.1495869441847455,-0.09820018037702047,-0.20097370799247055,0.24630616151568477,0.28839743714136823
NNOX,-0.9058432142785672,1.8275221264023664,-0.5669094575435549,0.6471226635929084,0.15853652863329515,-0.07166124866258505,-0.3478260917006988,,-0.0077385223490011035,0.16980663207148478,-0.18528367676948698,0.24589880493761088,0.10957246220795569
HRL,-0.3635720677914453,0.106403611447537,-1.2557461628450033,0.2645366692997568,-0.05364464343212916,-0.1305934431453466,-0.07965042886608664,,-0.0970660070243117,-0.07458231338479164,-0.11954970066383176,0.24532235599028343,0.06375898232301402
VEEV,-0.45166692320860363,0.8150748287600419,-0.5684463409576175,0.3716804691134625,-0.08737706861770445,-0.23292989591617141,-0.4155821765793045,,-0.18389870413964543,-0.0577248241422569,-0.310072584137034,0.24477380063222337,-0.02236748213860973
EXPI,-0.6151708614929872,1.5146091926089524,-0.3517820825006378,0.47891487986720693,0.07580649701415343,-0.2756696532598274,-0.38101931769656794,,-0.14026143849494083,0.0055231889273485504,-0.2860460659172302,0.24196037150859864,-0.04967541938207387
CRM,-0.5160102828868999,0.9013206705815595,-0.737010521524417,0.33946278801532354,-0.060432561963122966,-0.21810676109775662,-0.22694113161646057,,-0.1217346140419535,-0.029108012371403792,-0.21436121571250322,0.2417309339867076,-0.014913247924317363
ARE,-0.607113494776286,0.8741454931001069,-0.8594773344975515,0.40641620523011185,0.02252839992822797,-0.1372974100372396,-0.3422395590075483,,-0.10688546914719825,-0.011748877197849334,-0.20202206109654716,0.24072697900910192,0.07216644878854717
APPF,-0.4578454384073869,0.7001508427407848,-0.5681224192635533,0.4424274544256756,-0.0667978593102686,-0.287704272203962,-0.3153795706348398,,-0.1938497978267819,-0.0730246996376683,-0.3146748960158955,0.23500964482159192,-0.11189384345126241
AXON,-0.5797405354878769,1.2616563093965312,-0.38449176713832023,0.540052280873499,-0.20762769575389617,-0.36777098736642433,-0.3754166542070999,,-0.23637014170664886,-0.12328273428666923,-0.34945754912662846,0.23272326263952756,0.029270447260121735
ZG,-0.5902481060077445,1.339283204350814,-0.4537641722511555,0.4303095558559903,0.028440150144350973,-0.3001339942976612,-0.3280446121108239,,-0.11377115523095878,0.05980058400693803,-0.2873428944688556,0.22869236504908771,-0.26199283654613825
AJG,-0.4192914239713448,0.15287037308541404,-1.3676139047061049,0.2736196376374975,0.057905313777977474,-0.13219767329791066,-0.24744091942225532,,-0.0668675656035685,0.020242496915837665,-0.15397762812297466,0.2266738987239441,-0.15109640870940588
BLDR,-0.6739502971748441,1.6178852686593368,-0.41204745468253934,0.47760115352964955,0.021703962061951687,-0.31374073051685514,-0.2992319315984836,,-0.15457447790853152,-0.07612712396576383,-0.2330218318512992,0.22610330231007258,-0.13677255899514973
RXRX,-1.006105448538834,2.9790132851868036,-0.16701821874926373,0.7634966335703768,0.13855423114351373,-0.18534481031078132,-0.4432989701581398,,-0.04239856416484047,0.09724236891891198,-0.18203949724859292,0.22546287472684876,-0.19128126908717757
BAX,-0.738689880116033,1.2988514730466494,-0.7826274935803889,0.45439905115824375,0.09479221283912409,-0.08104115770459386,-0.17674301890244537,,-0.05574071689689943,0.008174649826138363,-0.11965608361993722,0.22463474976935405,-0.206470562373677
ERIE,-0.5259870733219639,0.19836107552272506,-1.4963951756793257,0.312407644973319,0.009662481479299379,-0.13015727887710293,-0.2226420213799435,,-0.11263025610881333,-0.04698038990270482,-0.17828012231492185,0.22442472526225596,0.11252998507037049
LULU,-0.8165727110308597,1.5455072997488644,-0.7741073229535036,0.4660372877407736,0.011427531269262214,-0.18403978702746082,0.0010771554111723702,,-0.04854831258189332,-0.00039440376121954696,-0.0967022214025671,0.2243838693412432,-0.05707260095652722
BR,-0.4271496765821152,0.2774241933840755,-1.415241990409449,0.24400784629872474,-0.06870929521386526,-0.2532107122056616,-0.2893492220305425,,-0.15221434808621676,-0.055007121518196866,-0.24942157465423664,0.22426818988014388,0.10089720085745513
ACN,-0.5900173432710796,0.8693848586193326,-1.0105894153220427,0.3301176458974174,0.021399636834001923,-0.30734219339098756,-0.16846969083420893,,-0.10944804384833086,-0.029430935853457598,-0.18946515184320412,0.22271008401501835,-0.014220905949092533
NTNX,-0.6054233509517225,0.9062783477981676,-0.7717680501716792,0.4381349655019498,-0.034241667273780085,-0.17711114148726004,-0.41016202743682983,,-0.14673842799515077,0.013877825295580383,-0.30735468128588195,0.2167196857548166,-0.2628509580269527
FMC,-0.9953732860472055,1.5702359076860621,-0.7898415895730152,0.6738950658730177,0.1857115958834239,0.11447703755939265,-0.4233500310680368,,-0.0728260428769476,0.12562257121221038,-0.2712746569661056,0.21602894869569536,-0.12780474159522048
FICO,-0.7113736885385069,0.9225369321803071,-0.8241931120813828,0.5329986682527249,-0.10814981882643293,-0.3210682718000959,-0.3440747847631127,,-0.2005420035163147,-0.11477422784684631,-0.2863097791857831,0.21382029872654623,0.06352253417388232
ADBE,-0.5616492543597978,0.721314034449296,-1.1451874434508167,0.30467955653653095,-0.0063008254136496245,-0.1961261472191913,-0.2606539233035291,,-0.13758663039845162,-0.037797697954532763,-0.2373755628423705,0.21380004398981792,-0.13545580914150235
CAG,-0.48765938284407556,0.014307408497891813,-1.7713813474739388,0.2729168176913347,-0.04498719434846277,-0.1276236226422025,-0.1567826341534163,,-0.14271893082186998,-0.13171520688485924,-0.15372265475888075,0.21250817526687504,0.10101689811314163
DOCU,-0.7084810659962745,1.055913704989558,-0.8518878823476048,0.46610003232052405,-0.06462167175475009,-0.23370744294170742,-0.32646150475783875,,-0.15296783056861474,-0.01200963702484667,-0.2939260241123828,0.21207483284916143,-0.1050871220172862
PAYX,-0.5457514509120063,0.4464904566385703,-1.6689329526515027,0.2481045966760031,0.01456310352728174,-0.15920503615590142,-0.2643168192440297,,-0.1060771590078802,-0.010912665180467088,-0.20124165283529333,0.21199478155787171,0.05482119026499266
BSX,-0.49609540048504386,0.36583604336378583,-1.3302407514492536,0.2918275854538944,-0.09890566137903634,-0.28657109599224184,-0.3426465667919494,,-0.19236406706477596,-0.08168075162940798,-0.30304738250014396,0.2110851501124588,0.02467735823966155
FDS,-0.6930122509892261,0.48722705357890816,-1.4983006672169172,0.3666263250891989,0.1198632832519273,-0.19245054589906363,-0.17287483529018188,,-0.05044425187109915,0.10283175396765995,-0.20372025770985824,0.20888630319114881,0.001324195177700549
ZS,-0.6245199602541918,1.034757517162936,-0.7202970558903293,0.4433495386449873,-0.13661139859576887,-0.36043312990455223,-0.5545560113874419,,-0.2749972023872454,-0.10649369275901001,-0.44350071201548075,0.20876779698812603,-0.019801449102806457
KNDI,-0.5870609713614557,1.4666502085578663,-0.2586799684628205,0.5972944943088752,-0.14432993935073968,-0.18627451094972391,-0.3252032760650617,,-0.1765144589790041,-0.11153929787144486,-0.24148962008656338,0.20762238763418434,-0.6869663811592421
FIS,-0.6698254801608671,0.7619082584712632,-1.5694799809460405,0.2836093186193823,-0.014427943460309733,-0.22904714375978585,-0.2605802469178877,,-0.11123150093005049,0.00033346379070294034,-0.22279646565080394,0.20623247709882847,0.11686233419855685
INTU,-0.5539151391338019,0.683485709043099,-0.9798832961928109,0.35957101646556716,-0.11711261239996862,-0.288713510319768,-0.39451838240096493,,-0.20126677348141503,-0.05360771832461764,-0.3489258286382124,0.2054666142100044,-0.19219402883766012
ADP,-0.4796102096175171,0.4048212558551479,-1.7073892272916846,0.2109759207604396,-0.03749758788346069,-0.22318847674958087,-0.28421607888637157,,-0.1331821415307854,-0.04201395265850681,-0.22435033040306399,0.2045480505331938,-0.02464429287912684
NOW,-0.7064527684565705,0.9793738466039754,-0.9997319225663558,0.417722225744375,-0.1499427979917337,-0.263093656999122,-0.4648136684820474,,-0.2310641030503261,-0.08473359766907348,-0.3773946084315787,0.20379826537702392,0.02265438671570763
GIS,-0.43585629000424236,-0.08246613866189806,-1.9807534301998797,0.23232456260205567,-0.03965954039191233,-0.208350921069981,-0.23318734459582424,,-0.16586239493354857,-0.12102270725971842,-0.21070208260737872,0.20225208174218381,0.10564776870279435
MSTR,-1.2250819341249641,2.5394804416782986,-0.6986350140506665,0.6815058773332804,0.1846898631528897,-0.02568602946336318,-0.4388731675673718,,-0.03299410304868804,0.24639975681290607,-0.31238796291028215,0.20105136838621207,-0.11023249258164303
BARK,-1.1456254082319335,1.7829726604281544,-0.8321044592272562,0.7448354927476534,-0.3902877763654352,-0.4584664694114813,-0.3421733472703854,,-0.30021955537838785,-0.25368753110289055,-0.3467515796538851,0.19974447623750463,0.6774002730842958
PAYC,-0.670299244004949,0.676443633988869,-1.3207414091479401,0.356465409055492,0.019599987816502074,-0.16693394064765,-0.360546928839968,,-0.12662530130263994,0.02122037278542776,-0.27447097539070764,0.19928775441232988,-0.1640813571175337
VRSK,-0.48535626257275144,0.036928068247199713,-1.6267698929170398,0.2916609337216312,-0.12877338492111545,-0.19603365444233278,-0.26677817255046543,,-0.14347446569604816,-0.06111101605113889,-0.22583791534095746,0.1986245140209368,-0.16233602399695835
ROP,-0.5592785263693663,0.4777020918310882,-1.7793909000202988,0.235132088715394,0.03584461817010465,-0.12283903790864625,-0.27138995997821913,,-0.07583630653584679,0.039081228886504955,-0.19075384195819853,0.19824398622357572,-0.1632297068186238
BRO,-0.5634853609326909,0.11986661089752193,-1.9280439355911738,0.273921981838266,0.009540837390856094,-0.14889485343978515,-0.2761762793134587,,-0.09739402982557285,-0.009993612726016782,-0.18479444692512892,0.19770147105101743,-0.014001948862045088
ESTC,-0.7237674124688492,1.1017889400255587,-0.8148230548505667,0.4894578368205113,-0.1470587732258869,-0.3467929821723018,-0.4069085930251415,,-0.23427655366659805,-0.10923983057161608,-0.35931327676158004,0.19616296416662285,-0.12564330041644955
CPB,-0.533526929785654,-0.02446962552337724,-1.8558324640712476,0.2913752517396317,0.01339015540090771,-0.20586380925557102,-0.2807857579332278,,-0.1814831404274324,-0.11281758962158284,-0.250148691233282,0.1940788297628586,0.047631421462093204
TYL,-0.6010808120905419,0.4108389894498165,-1.3920941429363631,0.3447423688222078,-0.0038959930452401315,-0.23207443676205697,-0.3175779430695955,,-0.12504980192790305,0.009188431114618778,-0.25928803497042485,0.19029481810066454,-0.3054985549132948
MVIS,-1.0153851054318204,2.5065932974348923,-0.34995772555147076,0.7890275985239211,0.08196723073504675,-0.27472526680773934,-0.5251798323608623,,-0.17959380413980264,-0.027982282865983726,-0.3312053254136215,0.18899554977390148,-0.3212379719477607
TTD,-0.9057864037971576,1.1351638978731708,-0.8706421236302633,0.6558347828499047,-0.045859870857509755,-0.3797957604951294,-0.5602739729095272,,-0.2849810355159526,-0.07814252884747923,-0.49181954218442603,0.1745843329928534,-0.08686341485040061
WDAY,-0.7673152548110037,0.8072869261722792,-1.3607959338015478,0.3889088538628436,-0.06395035062689747,-0.3574615968933892,-0.4725251119076471,,-0.234084415010209,-0.0833735321764408,-0.38479529784397715,0.17127832257853504,-0.12125110991172938
PCTY,-0.72344520114969,0.4978382732964778,-1.676488442758163,0.34394504696353434,-0.08148015258788877,-0.2885280400862894,-0.32750568284506265,,-0.19237139806259634,-0.07090717597411976,-0.3138356201510729,0.17030244052974539,-0.1250068246055378
GTLB,-0.9311215219783804,1.2618768253336603,-1.0269269680713191,0.5443051199070701,-0.053468808190255235,-0.3835971201066487,-0.5092221365188756,,-0.28221447949421585,-0.12146864255581662,-0.4429603164326151,0.1677842614578579,-0.06896896491197224
GDDY,-0.8041962281632961,0.5249899552991181,-1.8067558274242927,0.35940838507947886,0.01889937025072852,-0.20149042907189552,-0.34183048521752213,,-0.15589147626540803,-0.005099837689168561,-0.3066831148416475,0.16774478787958505,-0.11664617975128133
FUBO,-1.268615602652912,1.6975568627447517,-1.0801817582967104,0.7109566866795246,-0.042397654295856735,-0.5895989865238531,-0.7179155734527622,,-0.3263686517698878,-0.04023675985775376,-0.6125005436820218,0.1618142367614887,0.5254292156277294
TRI,-0.7491672149437786,0.40432842740864033,-1.672965813244403,0.37652913313705383,-0.009478161610073754,-0.24930739086653164,-0.40913475878258987,,-0.16290470340735053,0.005114238608485693,-0.33092364542318675,0.16122618687641413,-0.3246999734128666
LPSN,-1.4480814956977879,2.0710758156252442,-0.9307592955237123,0.8995537294333121,0.23773579371701414,0.0030581010769374917,-0.43252597710571294,,-0.19430925933643722,0.16262582527439465,-0.5512443439472691,0.15767371105312594,-0.09235643501461055
CPRT,-0.763833904428667,0.5957217790134719,-2.302325059933349,0.2554549083952289,0.013636386755741636,-0.18909089059540773,-0.2493267564621493,,-0.12462352482851004,-0.05428862415032568,-0.1949584255066944,0.15298991966758566,-0.16299125507668177
CSGP,-0.9045111679290242,0.8492769226032445,-1.683605553006936,0.3884743486980377,-0.07863603204947367,-0.37330387265194964,-0.4717382639845512,,-0.2600207166489126,-0.09780581396289659,-0.4222356193349286,0.15105417508271954,-0.010512826511171358
WKHS,-1.343959620222641,1.168840026617795,-0.7906388345461626,1.263837045133636,-0.11111115316024223,-0.4573643342798618,-0.7878787884261215,,-0.4442391271968988,-0.14748509813108768,-0.7409931562627099,0.1481468527487903,0.34997490169831846
FISV,-1.2488269282685187,0.7620554327111166,-1.698223448272613,0.603028530589051,0.12110059027525,-0.04207843081699669,-0.48019301470221576,,-0.12115540631765093,0.08208414377598583,-0.3243949564112877,0.1469489753220155,-0.14204377213180586
SPSC,-1.0424296121302483,1.047944397080028,-1.5666559763936683,0.46810779166163385,-0.040466283697737304,-0.36847873431653044,-0.4730681322732613,,-0.20468683104749016,-0.03329286370587376,-0.3760807983891066,0.1408610178682705,-0.18254598082096896
IT,-1.1504682570429947,0.9925817811599882,-1.727716152300503,0.49645329288780304,-0.022135087959027744,-0.32884802569633476,-0.3470163457019594,,-0.17641498037594805,-0.014853053267937021,-0.3379769074839591,0.13671596206764058,-0.09605048988718123
HUBS,-1.143684369933651,1.3107918895338446,-1.3901243091783977,0.5446262176208282,-0.15115784240442798,-0.32423152687259893,-0.5005163337964229,,-0.2586449380488872,-0.08841797913182779,-0.42887189696594663,0.13610435853612773,-0.17087921910370096
LCID,-1.516509365658984,1.9402936229326633,-1.2398573252637233,0.7615931905402004,-0.2663316250581912,-0.2736318356028732,-0.663128741807401,,-0.396954668936896,-0.25195718766521624,-0.5419521502085758,0.13039353397143544,0.3381386291320032
QFIN,-1.2081989734154508,1.3026889235482528,-1.7430369250173758,0.472739566879981,0.06964421450698177,-0.16341026494643174,-0.4602750210187191,,-0.19861564877336577,-0.007864059189401817,-0.3893672383573297,0.13033497606812056,-0.19417275388470678
ASAN,-1.256709722466375,1.509991389182849,-1.5097351404021238,0.5374283355953635,-0.12965721022549237,-0.49261511412191994,-0.5866949677785647,,-0.3308719036014736,-0.15268989925627188,-0.5090539079466754,0.11920217342416387,0.03551310598905011
VITL,-0.9903688840094583,0.2633189357008154,-1.7192206540639945,0.5308855256262953,-0.1893139785254685,-0.5832485568925105,-0.6872773485892754,,-0.48377691523816907,-0.3406864584240654,-0.6268673720522727,0.11046541151668055,0.05078412091684226
TEAM,-1.2989197607828376,1.0597731132496693,-1.9090028776935506,0.5166914293824069,-0.08887979679870717,-0.4788633395734596,-0.5532567800491934,,-0.3136334521200319,-0.10203334208590427,-0.5252335621541595,0.10038118356440259,-0.00656258764882256
DUOL,-1.3791105432667419,1.3090958553825291,-1.5233258151881917,0.6518792710232031,0.0045976918584869075,-0.349112787669729,-0.7053183825110327,,-0.28518874457970084,-0.019561918965806075,-0.5508155701935956,0.09619579251626847,-0.3617834818459902
